786	内容标签	4	城市道路	1000033	0	0	0			2022-10-26 15:13:33	2023-09-15 14:40:13	786	1000302,1000021,1000033,786	技术与评测,评测,特殊场景试驾,城市道路	2023-12-28
80279	内容标签	4	汽车涨价	1000048	1	0	0			2022-10-26 15:13:33	2023-05-29 19:06:36	80279	1000131,1000272,1000048,80279	要闻热点,车圈新闻,价格行情,汽车涨价	2023-12-28
1000029	内容标签	4	碰撞测试	1000024	1	0	0			2022-10-26 15:13:33	2023-05-29 19:06:36	0	1000302,1000021,1000024,1000029	技术与评测,评测,安全测试,碰撞测试	2023-12-28
1000040	内容标签	4	优美风景	1000033	0	0	0			2022-10-26 15:13:33	2023-05-29 19:06:36	0	1000302,1000021,1000033,1000040	技术与评测,评测,特殊场景试驾,优美风景	2023-12-28
1000043	内容标签	4	拆解评测	1000023	1	0	0			2022-10-26 15:13:33	2023-05-29 19:06:37	0	1000302,1000021,1000023,1000043	技术与评测,评测,静态评测,拆解评测	2023-12-28
1000049	内容标签	4	汽车报价	1000048	0	0	0			2022-10-26 15:13:33	2023-05-29 19:28:34	0	1000131,1000272,1000048,1000049	要闻热点,车圈新闻,价格行情,汽车报价	2023-12-28
1000050	内容标签	4	汽车降价	1000048	1	0	0			2022-10-26 15:13:33	2023-05-29 19:06:37	0	1000131,1000272,1000048,1000050	要闻热点,车圈新闻,价格行情,汽车降价	2023-12-28
1000053	内容标签	4	车型咨询	1000052	0	0	0			2022-10-26 15:13:33	2023-05-29 20:13:47	0	1000056,1000011,1000052,1000053	选买类内容,导购,选车疑问,车型咨询	2023-12-28
1000054	内容标签	4	价格咨询	1000052	0	0	0			2022-10-26 15:13:33	2023-05-29 19:59:18	0	1000056,1000011,1000052,1000054	选买类内容,导购,选车疑问,价格咨询	2023-12-28
1000055	内容标签	4	配置咨询	1000052	0	0	0			2022-10-26 15:13:33	2023-05-29 19:59:38	0	1000056,1000011,1000052,1000055	选买类内容,导购,选车疑问,配置咨询	2023-12-28
1000079	内容标签	4	配件对比	1000078	1	0	0			2022-10-26 15:13:33	2023-05-29 19:06:37	0	1000069,387,1000078,1000079	用车,维修保养,汽车配件,配件对比	2023-12-28
1000080	内容标签	4	配件价格	1000078	1	0	0			2022-10-26 15:13:33	2023-05-29 19:06:37	0	1000069,387,1000078,1000080	用车,维修保养,汽车配件,配件价格	2023-12-28
1000081	内容标签	4	配件介绍	1000078	1	0	0			2022-10-26 15:13:33	2023-05-29 19:06:37	0	1000069,387,1000078,1000081	用车,维修保养,汽车配件,配件介绍	2023-12-28
1000095	内容标签	4	省油/电技巧	1000094	0	0	0			2022-10-26 15:13:33	2023-05-29 19:06:37	0	1000069,1000092,1000094,1000095	用车,车类知识,驾驶小技巧,省油/电技巧	2023-12-28
1000106	内容标签	4	外观改装	1000105	0	0	0			2022-10-26 15:13:33	2023-05-29 19:06:37	0	1000069,1000082,1000105,1000106	用车,用车相关,汽车改装,外观改装	2023-12-28
1000108	内容标签	4	性能改装	1000105	0	0	0			2022-10-26 15:13:33	2023-05-29 19:06:37	0	1000069,1000082,1000105,1000108	用车,用车相关,汽车改装,性能改装	2023-12-28
1000110	内容标签	4	改装教程	1000105	0	0	0			2022-10-26 15:13:33	2023-05-29 19:06:37	0	1000069,1000082,1000105,1000110	用车,用车相关,汽车改装,改装教程	2023-12-28
1000138	内容标签	4	新能源补贴	1000528	1	0	0			2022-10-26 15:13:33	2023-05-29 20:16:53	0	1000131,1000132,1000528,1000138	要闻热点,政府新闻,补贴政策,新能源补贴	2023-12-28
1000152	内容标签	4	销量看空	1000151	0	0	0			2022-10-26 15:13:33	2023-05-29 19:06:37	0	1000131,1000272,1000151,1000152	要闻热点,车圈新闻,销量新闻,销量看空	2023-12-28
1000153	内容标签	4	销量增长	1000151	0	0	0			2022-10-26 15:13:33	2023-05-29 19:06:37	0	1000131,1000272,1000151,1000153	要闻热点,车圈新闻,销量新闻,销量增长	2023-12-28
1000155	内容标签	4	销量解析	1000151	0	0	0			2022-10-26 15:13:33	2023-05-29 19:06:37	0	1000131,1000272,1000151,1000155	要闻热点,车圈新闻,销量新闻,销量解析	2023-12-28
1000172	内容标签	4	深度数据研究	1000171	0	0	0			2022-10-26 15:13:33	2023-05-29 19:06:37	0	1000131,1000272,1000171,1000172	要闻热点,车圈新闻,行业评论,深度数据研究	2023-12-28
1000201	内容标签	4	人员变动	1000199	0	0	0			2022-10-26 15:13:33	2023-05-29 19:06:37	0	1000131,1000272,1000199,1000201	要闻热点,车圈新闻,花边新闻,人员变动	2023-12-28
1000274	内容标签	4	油价涨跌	1000149	0	0	0			2022-11-24 11:41:58	2023-09-15 16:44:37	0	1000131,1000132,1000149,1000274	要闻热点,政府新闻,汽车油价,油价涨跌	2023-12-28
1000303	内容标签	4	废弃	1000024	0	0	0			2022-11-24 15:09:35	2023-09-15 14:37:43	0	1000302,1000021,1000024,1000303	技术与评测,评测,安全测试,废弃	2023-12-28
1000304	内容标签	4	构造评测	1000023	1	0	0			2022-11-24 15:10:44	2023-09-15 15:28:23	0	1000302,1000021,1000023,1000304	技术与评测,评测,静态评测,构造评测	2023-12-28
1000314	内容标签	4	价格选车技巧	1000020	0	0	0			2022-11-24 15:43:58	2023-09-15 14:50:00	0	1000056,1000011,1000020,1000314	选买类内容,导购,选车技巧,价格选车技巧	2023-12-28
1000315	内容标签	4	功能性选车技巧	1000020	0	0	0			2022-11-24 15:44:19	2023-09-15 14:50:00	0	1000056,1000011,1000020,1000315	选买类内容,导购,选车技巧,功能性选车技巧	2023-12-28
1000318	内容标签	4	0.0	80092	0	0	0			2022-11-24 16:07:23	2023-05-29 19:06:37	0	1000069,1000082,80092,1000318	用车,用车相关,用车成本,0.0	2023-12-28
1000378	内容标签	4	F1方程式	1000165	1	0	0			2022-11-24 18:33:37	2023-05-29 19:16:16	0	1000156,1000161,1000165,1000378	汽车周边,汽车活动,赛事活动,F1方程式	2023-12-28
1000470	内容标签	4	限行	1000469	1	0	0			2022-11-30 17:15:15	2023-05-29 19:06:37	0	1000131,1000132,1000469,1000470	要闻热点,政府新闻,交通政策,限行	2023-12-28
1000475	内容标签	4	其他咨询	1000052	0	0	0			2022-12-27 16:42:16	2023-05-29 19:59:45	0	1000056,1000011,1000052,1000475	选买类内容,导购,选车疑问,其他咨询	2023-12-28
1000521	内容标签	4	结构与材料	1000308	1	0	0			2023-05-29 19:33:37	2023-12-06 10:24:33	0	1000302,1000305,1000308,1000521	技术与评测,汽车技术,安全技术,结构与材料	2023-12-28
1000522	内容标签	4	被动安全	1000308	1	0	0			2023-05-29 19:33:52	2023-12-06 10:24:33	0	1000302,1000305,1000308,1000522	技术与评测,汽车技术,安全技术,被动安全	2023-12-28
1000523	内容标签	4	基本参数	1000052	1	0	0			2023-05-29 19:37:22	2023-05-29 19:56:30	0	1000056,1000011,1000052,1000523	选买类内容,导购,选车疑问,基本参数	2023-12-28
1000524	内容标签	4	选买对比	1000052	1	0	0			2023-05-29 19:54:30	2023-05-29 19:56:30	0	1000056,1000011,1000052,1000524	选买类内容,导购,选车疑问,选买对比	2023-12-28
1000526	内容标签	4	OTA	1000525	1	0	0			2023-05-29 20:08:55	2023-05-29 20:08:55	0	1000069,1000082,1000525,1000526	用车,用车相关,汽车配置,OTA	2023-12-28
1000529	内容标签	4	燃油车补贴	1000528	1	0	0			2023-05-29 20:17:14	2023-05-29 20:17:37	0	1000131,1000132,1000528,1000529	要闻热点,政府新闻,补贴政策,燃油车补贴	2023-12-28
1000530	内容标签	4	地区补贴	1000528	1	0	0			2023-05-29 20:18:00	2023-05-29 20:18:13	0	1000131,1000132,1000528,1000530	要闻热点,政府新闻,补贴政策,地区补贴	2023-12-28
1000559	内容标签	4	提车仪式	1000065	1	0	0			2023-09-15 15:32:22	2023-09-15 15:32:22	0	1000056,1000064,1000065,1000559	选买类内容,买车相关,提车感受,提车仪式	2023-12-28
1000560	内容标签	4	老爷车	1000556	1	0	0			2023-09-15 15:35:45	2023-09-15 15:35:45	0	1000156,436,1000556,1000560	汽车周边,汽车历史,情怀老车,老爷车	2023-12-28
1000562	内容标签	4	驾考	1000563	1	0	0			2023-09-15 15:48:44	2023-10-17 18:17:22	0	1000069,1000082,1000563,1000562	用车,用车相关,交管业务,驾考	2023-12-28
1000564	内容标签	4	车辆年检	1000563	1	0	0			2023-10-17 18:16:36	2023-10-17 18:16:36	0	1000069,1000082,1000563,1000564	用车,用车相关,交管业务,车辆年检	2023-12-28
1000565	内容标签	4	车辆违章	1000563	1	0	0			2023-10-17 18:16:48	2023-10-17 18:16:48	0	1000069,1000082,1000563,1000565	用车,用车相关,交管业务,车辆违章	2023-12-28
80064	直播标签	1	直播车展	0	0	0	0			2023-01-10 16:46:49	2023-01-10 17:11:04	0	80064,0,0,0	直播车展,,,	2023-12-28
80093	直播标签	1	日常直播	0	0	0	0			2023-01-10 16:50:03	2023-01-10 17:11:07	0	80093,0,0,0	日常直播,,,	2023-12-28
80096	直播标签	1	商配直播	0	0	0	0			2023-01-10 16:50:42	2023-01-10 17:11:10	0	80096,0,0,0	商配直播,,,	2023-12-28
80099	直播标签	1	经销商直播	0	0	0	0			2023-01-10 16:51:49	2023-01-10 17:11:13	0	80099,0,0,0	经销商直播,,,	2023-12-28
80100	直播标签	1	直播测试	0	0	0	0			2023-01-10 16:52:10	2023-01-10 17:11:16	0	80100,0,0,0	直播测试,,,	2023-12-28
80102	直播标签	1	易车内部直播	0	0	0	0			2023-01-10 16:52:54	2023-01-10 17:11:21	0	80102,0,0,0	易车内部直播,,,	2023-12-28
80109	直播标签	1	赛事直播	0	0	0	0			2023-01-10 16:59:26	2023-01-10 17:11:24	0	80109,0,0,0	赛事直播,,,	2023-12-28
1000056	内容标签	1	选买类内容	0	1	0	0			2022-10-26 15:13:33	2023-05-29 19:07:23	0	1000056,0,0,0	选买类内容,,,	2023-12-28
1000069	内容标签	1	用车	0	1	0	0			2022-10-26 15:13:33	2023-05-29 19:06:37	0	1000069,0,0,0	用车,,,	2023-12-28
1000117	内容标签	1	新车资讯	0	1	0	0			2022-10-26 15:13:33	2023-05-29 19:06:37	0	1000117,0,0,0	新车资讯,,,	2023-12-28
1000131	内容标签	1	要闻热点	0	1	0	0			2022-10-26 15:13:33	2023-05-29 19:06:37	0	1000131,0,0,0	要闻热点,,,	2023-12-28
1000156	内容标签	1	汽车周边	0	1	0	0			2022-10-26 15:13:33	2023-09-15 15:15:58	0	1000156,0,0,0	汽车周边,,,	2023-12-28
1000162	内容标签	1	车展活动	0	1	0	0			2022-10-26 15:13:33	2023-05-29 19:06:37	0	1000162,0,0,0	车展活动,,,	2023-12-28
1000166	兴趣类标签	1	运动大类	0	1	0	0			2022-10-26 15:13:33	2023-05-29 19:45:10	0	1000166,0,0,0	运动大类,,,	2023-12-28
1000203	产品属性标签	1	能源类型偏好	0	1	0	0			2022-10-26 15:13:33	2022-12-22 16:29:21	0	1000203,0,0,0	能源类型偏好,,,	2023-12-28
1000212	产品属性标签	1	汽车市场	0	1	0	0			2022-10-26 15:13:33	2022-12-22 16:30:09	0	1000212,0,0,0	汽车市场,,,	2023-12-28
1000215	产品属性标签	1	级别偏好	0	0	0	0			2022-10-26 15:13:33	2023-01-10 17:13:32	0	1000215,0,0,0	级别偏好,,,	2023-12-28
1000245	运营标签	1	内容主旨	0	0	0	0			2022-10-26 15:13:33	2023-06-27 15:28:47	0	1000245,0,0,0	内容主旨,,,	2023-12-28
1000258	运营标签	1	运营	0	0	0	0			2022-10-26 15:13:33	2023-06-27 15:28:44	0	1000258,0,0,0	运营,,,	2023-12-28
1000265	内容观点	1	观点负向	0	1	0	0			2022-10-26 15:13:33	2022-10-26 15:13:33	0	1000265,0,0,0	观点负向,,,	2023-12-28
1000302	内容标签	1	技术与评测	0	1	0	0			2022-11-24 15:02:48	2023-05-29 19:07:05	0	1000302,0,0,0	技术与评测,,,	2023-12-28
1000312	内容标签	1	产品导购解读	0	0	0	0			2022-11-24 15:39:24	2023-05-29 19:58:28	0	1000312,0,0,0	产品导购解读,,,	2023-12-28
1000451	产品属性标签	1	车型特点	0	1	0	0			2022-11-24 20:53:51	2022-12-22 16:34:42	0	1000451,0,0,0	车型特点,,,	2023-12-28
1000455	运营标签	1	负向标签	0	0	0	0			2022-11-24 21:01:50	2022-12-22 16:36:02	0	1000455,0,0,0	负向标签,,,	2023-12-28
1000477	兴趣类标签	1	通用大类	0	1	0	0			2023-01-10 10:15:41	2023-01-10 10:15:41	0	1000477,0,0,0	通用大类,,,	2023-12-28
1000478	兴趣类标签	1	人群大类	0	1	0	0			2023-01-10 10:19:11	2023-01-10 10:19:11	0	1000478,0,0,0	人群大类,,,	2023-12-28
1000479	兴趣类标签	1	汽车大类	0	1	0	0			2023-01-10 10:20:17	2023-01-10 10:20:17	0	1000479,0,0,0	汽车大类,,,	2023-12-28
1000482	兴趣类标签	1	内容看点	0	1	0	0			2023-01-10 10:29:42	2023-01-10 10:29:42	0	1000482,0,0,0	内容看点,,,	2023-12-28
1000484	兴趣类标签	1	场景大类	0	1	0	0			2023-01-10 10:33:13	2023-01-10 10:33:36	0	1000484,0,0,0	场景大类,,,	2023-12-28
1000485	兴趣类标签	1	运营标签	0	0	0	0			2023-01-10 10:34:21	2023-06-15 16:30:51	0	1000485,0,0,0	运营标签,,,	2023-12-28
1000515	内容标签	1	一级运营标签	0	1	0	0			2023-03-01 18:39:01	2023-05-29 19:06:37	0	1000515,0,0,0	一级运营标签,,,	2023-12-28
80018	内容标签	3	故障维修	387	1	0	0			2022-10-26 15:13:33	2023-05-29 19:27:09	80018	1000069,387,80018,0	用车,维修保养,故障维修,	2023-12-28
1000078	内容标签	3	汽车配件	387	1	0	0			2022-10-26 15:13:33	2023-05-29 19:27:33	0	1000069,387,1000078,0	用车,维修保养,汽车配件,	2023-12-28
1000072	内容标签	3	汽车保养	387	1	0	0			2022-10-26 15:13:33	2023-05-29 19:27:09	0	1000069,387,1000072,0	用车,维修保养,汽车保养,	2023-12-28
1000160	内容标签	3	老车修复	436	1	0	0			2022-10-26 15:13:33	2023-05-29 19:06:37	0	1000156,436,1000160,0	汽车周边,汽车历史,老车修复,	2023-12-28
1000556	内容标签	3	情怀老车	436	1	0	0			2023-09-15 15:18:46	2023-09-15 15:18:46	0	1000156,436,1000556,0	汽车周边,汽车历史,情怀老车,	2023-12-28
1000301	内容标签	3	品牌成长史	436	1	0	0			2022-11-24 15:00:35	2023-05-29 19:06:37	0	1000156,436,1000301,0	汽车周边,汽车历史,品牌成长史,	2023-12-28
1000299	内容标签	3	经典车历史	436	1	0	0			2022-11-24 14:59:40	2023-05-29 19:06:37	0	1000156,436,1000299,0	汽车周边,汽车历史,经典车历史,	2023-12-28
1000177	兴趣类标签	3	健身日记	702	0	0	0			2022-10-26 15:13:33	2022-11-24 18:32:30	0	1000166,702,1000177,0	运动大类,健身,健身日记,	2023-12-28
1000179	兴趣类标签	3	健身食谱	702	0	0	0			2022-10-26 15:13:33	2022-11-24 18:32:37	0	1000166,702,1000179,0	运动大类,健身,健身食谱,	2023-12-28
1000178	兴趣类标签	3	健身装备	702	0	0	0			2022-10-26 15:13:33	2022-11-24 18:32:33	0	1000166,702,1000178,0	运动大类,健身,健身装备,	2023-12-28
1000404	产品属性标签	3	小型SUV	842	0	0	0			2022-11-24 19:32:19	2023-01-05 15:49:57	0	1000215,842,1000404,0	级别偏好,suv,小型SUV,	2023-12-28
1000408	产品属性标签	3	大型	842	0	0	0			2022-11-24 19:33:01	2023-01-05 15:49:57	0	1000215,842,1000408,0	级别偏好,suv,大型,	2023-12-28
1000407	产品属性标签	3	中大型	842	0	0	0			2022-11-24 19:32:46	2023-01-05 15:49:57	0	1000215,842,1000407,0	级别偏好,suv,中大型,	2023-12-28
1000406	产品属性标签	3	中型	842	0	0	0			2022-11-24 19:32:37	2023-01-05 15:49:57	0	1000215,842,1000406,0	级别偏好,suv,中型,	2023-12-28
1000405	产品属性标签	3	紧凑型	842	0	0	0			2022-11-24 19:32:29	2023-01-05 15:49:57	0	1000215,842,1000405,0	级别偏好,suv,紧凑型,	2023-12-28
1000088	内容标签	3	充电地址	80140	1	0	0			2022-10-26 15:13:33	2023-09-15 14:56:48	0	1000069,80140,1000088,0	用车,充电攻略,充电地址,	2023-12-28
1000091	内容标签	3	充电时间	80140	1	0	0			2022-10-26 15:13:33	2023-05-29 19:06:37	0	1000069,80140,1000091,0	用车,充电攻略,充电时间,	2023-12-28
1000090	内容标签	3	充电安全	80140	1	0	0			2022-10-26 15:13:33	2023-05-29 19:06:37	0	1000069,80140,1000090,0	用车,充电攻略,充电安全,	2023-12-28
1000089	内容标签	3	充电桩安装	80140	1	0	0			2022-10-26 15:13:33	2023-05-29 19:06:37	0	1000069,80140,1000089,0	用车,充电攻略,充电桩安装,	2023-12-28
1000012	内容标签	3	单车导购	1000011	1	0	0			2022-10-26 15:13:33	2023-05-29 19:06:36	0	1000056,1000011,1000012,0	选买类内容,导购,单车导购,	2023-12-28
1000538	内容标签	3	汽车分享	1000011	1	0	0			2023-09-13 17:27:36	2023-09-15 14:46:57	0	1000056,1000011,1000538,0	选买类内容,导购,汽车分享,	2023-12-28
1000537	内容标签	3	评测导购	1000011	1	0	0			2023-09-13 17:27:24	2023-09-15 14:46:51	0	1000056,1000011,1000537,0	选买类内容,导购,评测导购,	2023-12-28
1000536	内容标签	3	营销导购	1000011	1	0	0			2023-09-13 17:27:14	2023-09-15 14:46:45	0	1000056,1000011,1000536,0	选买类内容,导购,营销导购,	2023-12-28
1000535	内容标签	3	多车导购	1000011	1	0	0			2023-09-13 17:26:59	2023-09-15 14:46:33	0	1000056,1000011,1000535,0	选买类内容,导购,多车导购,	2023-12-28
1000316	内容标签	3	无解说车辆展示	1000011	1	0	0			2022-11-24 15:51:41	2023-05-29 19:23:15	0	1000056,1000011,1000316,0	选买类内容,导购,无解说车辆展示,	2023-12-28
1000313	内容标签	3	买车技巧	1000011	1	0	0			2022-11-24 15:43:39	2023-05-29 19:06:37	0	1000056,1000011,1000313,0	选买类内容,导购,买车技巧,	2023-12-28
1000298	内容标签	3	车系品牌解读	1000011	1	0	0			2022-11-24 14:58:02	2023-05-29 19:17:45	0	1000056,1000011,1000298,0	选买类内容,导购,车系品牌解读,	2023-12-28
1000052	内容标签	3	选车疑问	1000011	1	0	0			2022-10-26 15:13:33	2023-05-29 19:11:56	0	1000056,1000011,1000052,0	选买类内容,导购,选车疑问,	2023-12-28
1000026	内容标签	3	试驾	1000011	1	0	0			2022-10-26 15:13:33	2023-05-29 19:58:25	0	1000056,1000011,1000026,0	选买类内容,导购,试驾,	2023-12-28
1000020	内容标签	3	选车技巧	1000011	0	0	0			2022-10-26 15:13:33	2023-09-15 14:50:00	0	1000056,1000011,1000020,0	选买类内容,导购,选车技巧,	2023-12-28
1000019	内容标签	3	探店报价	1000011	1	0	0			2022-10-26 15:13:33	2023-05-29 19:06:36	0	1000056,1000011,1000019,0	选买类内容,导购,探店报价,	2023-12-28
1000017	内容标签	3	车款推荐	1000011	0	0	0			2022-10-26 15:13:33	2023-05-29 19:06:36	0	1000056,1000011,1000017,0	选买类内容,导购,车款推荐,	2023-12-28
1000016	内容标签	3	一般导购	1000011	0	0	0			2022-10-26 15:13:33	2023-09-15 14:46:05	0	1000056,1000011,1000016,0	选买类内容,导购,一般导购,	2023-12-28
1000015	内容标签	3	聊天侃车	1000011	1	0	0			2022-10-26 15:13:33	2023-05-29 19:06:36	0	1000056,1000011,1000015,0	选买类内容,导购,聊天侃车,	2023-12-28
1000014	内容标签	3	购车手册	1000011	1	0	0			2022-10-26 15:13:33	2023-05-29 19:06:36	0	1000056,1000011,1000014,0	选买类内容,导购,购车手册,	2023-12-28
1000013	内容标签	3	对比导购	1000011	1	0	0			2022-10-26 15:13:33	2023-05-29 19:06:36	0	1000056,1000011,1000013,0	选买类内容,导购,对比导购,	2023-12-28
632	内容标签	3	第一视角评测	1000021	0	0	0			2022-10-26 15:13:33	2023-09-15 14:38:56	632	1000302,1000021,632,0	技术与评测,评测,第一视角评测,	2023-12-28
1000546	内容标签	3	动态评测	1000021	1	0	0			2023-09-15 14:31:54	2023-09-15 14:31:54	0	1000302,1000021,1000546,0	技术与评测,评测,动态评测,	2023-12-28
1000317	内容标签	3	场地测试	1000021	0	0	0			2022-11-24 15:55:31	2023-09-15 14:39:43	0	1000302,1000021,1000317,0	技术与评测,评测,场地测试,	2023-12-28
1000042	内容标签	3	横评	1000021	1	0	0			2022-10-26 15:13:33	2023-05-29 19:22:23	0	1000302,1000021,1000042,0	技术与评测,评测,横评,	2023-12-28
1000041	内容标签	3	长测	1000021	1	0	0			2022-10-26 15:13:33	2023-05-29 19:06:36	0	1000302,1000021,1000041,0	技术与评测,评测,长测,	2023-12-28
1000033	内容标签	3	特殊场景试驾	1000021	0	0	0			2022-10-26 15:13:33	2023-09-15 15:56:50	0	1000302,1000021,1000033,0	技术与评测,评测,特殊场景试驾,	2023-12-28
1000032	内容标签	3	噪音测试	1000021	1	0	0			2022-10-26 15:13:33	2023-05-29 19:06:36	0	1000302,1000021,1000032,0	技术与评测,评测,噪音测试,	2023-12-28
1000031	内容标签	3	音响测试	1000021	1	0	0			2022-10-26 15:13:33	2023-05-29 19:06:36	0	1000302,1000021,1000031,0	技术与评测,评测,音响测试,	2023-12-28
1000030	内容标签	3	能耗测试	1000021	1	0	0			2022-10-26 15:13:33	2023-05-29 19:06:36	0	1000302,1000021,1000030,0	技术与评测,评测,能耗测试,	2023-12-28
1000028	内容标签	3	性能测试	1000021	1	0	0			2022-10-26 15:13:33	2023-09-15 14:38:25	0	1000302,1000021,1000028,0	技术与评测,评测,性能测试,	2023-12-28
1000025	内容标签	3	对比评测	1000021	1	0	0			2022-10-26 15:13:33	2023-05-29 20:30:20	0	1000302,1000021,1000025,0	技术与评测,评测,对比评测,	2023-12-28
1000024	内容标签	3	安全测试	1000021	1	0	0			2022-10-26 15:13:33	2023-09-15 14:37:48	0	1000302,1000021,1000024,0	技术与评测,评测,安全测试,	2023-12-28
1000023	内容标签	3	静态评测	1000021	1	0	0			2022-10-26 15:13:33	2023-05-29 19:06:36	0	1000302,1000021,1000023,0	技术与评测,评测,静态评测,	2023-12-28
80280	内容标签	3	动静态展示	1000021	0	0	0			2022-10-26 15:13:33	2023-05-29 19:06:36	80280	1000302,1000021,80280,0	技术与评测,评测,动静态展示,	2023-12-28
1000058	内容标签	3	购车补贴	1000057	0	0	0			2022-10-26 15:13:33	2023-05-29 19:06:37	0	1000056,1000057,1000058,0	选买类内容,购车流程,购车补贴,	2023-12-28
80128	内容标签	3	晒/下订单	1000064	1	0	0			2022-10-26 15:13:33	2023-09-15 14:45:44	80128	1000056,1000064,80128,0	选买类内容,买车相关,晒/下订单,	2023-12-28
1000558	内容标签	3	买车经历	1000064	1	0	0			2023-09-15 15:30:07	2023-09-15 15:30:07	0	1000056,1000064,1000558,0	选买类内容,买车相关,买车经历,	2023-12-28
1000066	内容标签	3	汽车上牌	1000064	1	0	0			2022-10-26 15:13:33	2023-05-29 19:06:37	0	1000056,1000064,1000066,0	选买类内容,买车相关,汽车上牌,	2023-12-28
1000065	内容标签	3	提车感受	1000064	1	0	0			2022-10-26 15:13:33	2023-05-29 19:06:37	0	1000056,1000064,1000065,0	选买类内容,买车相关,提车感受,	2023-12-28
1000063	内容标签	3	购车装饰	1000064	1	0	0			2022-10-26 15:13:33	2023-05-29 19:06:37	0	1000056,1000064,1000063,0	选买类内容,买车相关,购车装饰,	2023-12-28
1000062	内容标签	3	购车选装	1000064	1	0	0			2022-10-26 15:13:33	2023-05-29 19:06:37	0	1000056,1000064,1000062,0	选买类内容,买车相关,购车选装,	2023-12-28
1000061	内容标签	3	购车贷款	1000064	0	0	0			2022-10-26 15:13:33	2023-09-15 14:43:50	0	1000056,1000064,1000061,0	选买类内容,买车相关,购车贷款,	2023-12-28
1000060	内容标签	3	购车手续	1000064	0	0	0			2022-10-26 15:13:33	2023-05-29 19:06:37	0	1000056,1000064,1000060,0	选买类内容,买车相关,购车手续,	2023-12-28
1000059	内容标签	3	购车价格	1000064	1	0	0			2022-10-26 15:13:33	2023-05-29 19:06:37	0	1000056,1000064,1000059,0	选买类内容,买车相关,购车价格,	2023-12-28
80129	内容标签	3	等车日记	1000064	1	0	0			2022-10-26 15:13:33	2023-05-29 19:06:36	80129	1000056,1000064,80129,0	选买类内容,买车相关,等车日记,	2023-12-28
1000077	内容标签	3	使用心得	1000075	0	0	0			2022-10-26 15:13:33	2023-05-29 19:06:37	0	1000069,1000075,1000077,0	用车,汽车用品,使用心得,	2023-12-28
80016	内容标签	3	车主主观感受	1000082	1	0	0			2022-10-26 15:13:33	2023-05-29 19:06:36	80016	1000069,1000082,80016,0	用车,用车相关,车主主观感受,	2023-12-28
1000563	内容标签	3	交管业务	1000082	1	0	0			2023-10-17 18:15:51	2023-10-17 18:15:51	0	1000069,1000082,1000563,0	用车,用车相关,交管业务,	2023-12-28
1000527	内容标签	3	汽车能耗	1000082	1	0	0			2023-05-29 20:09:23	2023-05-29 20:09:23	0	1000069,1000082,1000527,0	用车,用车相关,汽车能耗,	2023-12-28
1000525	内容标签	3	汽车配置	1000082	1	0	0			2023-05-29 20:08:29	2023-05-29 20:08:29	0	1000069,1000082,1000525,0	用车,用车相关,汽车配置,	2023-12-28
1000321	内容标签	3	日常	1000082	1	0	0			2022-11-24 16:13:02	2023-05-29 19:06:37	0	1000069,1000082,1000321,0	用车,用车相关,日常,	2023-12-28
1000320	内容标签	3	汽车美容	1000082	1	0	0			2022-11-24 16:12:01	2023-05-29 19:06:37	0	1000069,1000082,1000320,0	用车,用车相关,汽车美容,	2023-12-28
1000319	内容标签	3	车辆保险	1000082	1	0	0			2022-11-24 16:08:08	2023-05-29 19:06:37	0	1000069,1000082,1000319,0	用车,用车相关,车辆保险,	2023-12-28
1000107	内容标签	3	汽车改色	1000082	1	0	0			2022-10-26 15:13:33	2023-09-15 14:52:34	0	1000069,1000082,1000107,0	用车,用车相关,汽车改色,	2023-12-28
1000105	内容标签	3	汽车改装	1000082	1	0	0			2022-10-26 15:13:33	2023-05-29 19:06:37	0	1000069,1000082,1000105,0	用车,用车相关,汽车改装,	2023-12-28
1000086	内容标签	3	车内改装	1000082	1	0	0			2022-10-26 15:13:33	2023-05-29 19:06:37	0	1000069,1000082,1000086,0	用车,用车相关,车内改装,	2023-12-28
1000076	内容标签	3	车载好物	1000082	1	0	0			2022-10-26 15:13:33	2023-09-15 14:51:20	0	1000069,1000082,1000076,0	用车,用车相关,车载好物,	2023-12-28
1000018	内容标签	3	11	1000082	0	0	0			2022-10-26 15:13:33	2023-05-29 19:06:36	0	1000069,1000082,1000018,0	用车,用车相关,11,	2023-12-28
80092	内容标签	3	用车成本	1000082	1	0	0			2022-10-26 15:13:33	2023-05-29 19:06:36	80092	1000069,1000082,80092,0	用车,用车相关,用车成本,	2023-12-28
80023	内容标签	3	用车疑问	1000082	1	0	0			2022-10-26 15:13:33	2023-05-29 19:06:36	80023	1000069,1000082,80023,0	用车,用车相关,用车疑问,	2023-12-28
1000093	内容标签	3	车内功能使用	1000092	1	0	0			2022-10-26 15:13:33	2023-05-29 19:06:37	0	1000069,1000092,1000093,0	用车,车类知识,车内功能使用,	2023-12-28
1000323	内容标签	3	用车省钱窍门	1000092	1	0	0			2022-11-24 17:35:25	2023-05-29 19:06:37	0	1000069,1000092,1000323,0	用车,车类知识,用车省钱窍门,	2023-12-28
1000097	内容标签	3	0，，，	1000092	0	0	0			2022-10-26 15:13:33	2023-05-29 19:06:37	0	1000069,1000092,1000097,0	用车,车类知识,0，，，,	2023-12-28
1000094	内容标签	3	驾驶小技巧	1000092	1	0	0			2022-10-26 15:13:33	2023-05-29 19:06:37	0	1000069,1000092,1000094,0	用车,车类知识,驾驶小技巧,	2023-12-28
1000099	内容标签	3	二手车知识	1000098	1	0	0			2022-10-26 15:13:33	2023-09-15 15:00:12	0	1000069,1000098,1000099,0	用车,二手车类,二手车知识,	2023-12-28
1000550	内容标签	3	卖车实录	1000098	1	0	0			2023-09-15 14:59:34	2023-09-15 14:59:34	0	1000069,1000098,1000550,0	用车,二手车类,卖车实录,	2023-12-28
1000549	内容标签	3	收车实录	1000098	1	0	0			2023-09-15 14:59:26	2023-09-15 14:59:26	0	1000069,1000098,1000549,0	用车,二手车类,收车实录,	2023-12-28
1000548	内容标签	3	多车推荐	1000098	1	0	0			2023-09-15 14:59:09	2023-09-15 14:59:09	0	1000069,1000098,1000548,0	用车,二手车类,多车推荐,	2023-12-28
1000547	内容标签	3	单车推荐	1000098	1	0	0			2023-09-15 14:58:48	2023-09-15 14:58:48	0	1000069,1000098,1000547,0	用车,二手车类,单车推荐,	2023-12-28
1000103	内容标签	3	车辆估价	1000098	1	0	0			2022-10-26 15:13:33	2023-05-29 20:40:06	0	1000069,1000098,1000103,0	用车,二手车类,车辆估价,	2023-12-28
1000102	内容标签	3	车辆整备	1000098	1	0	0			2022-10-26 15:13:33	2023-05-29 20:40:01	0	1000069,1000098,1000102,0	用车,二手车类,车辆整备,	2023-12-28
1000101	内容标签	3	车况检测	1000098	1	0	0			2022-10-26 15:13:33	2023-05-29 20:39:56	0	1000069,1000098,1000101,0	用车,二手车类,车况检测,	2023-12-28
1000100	内容标签	3	市场行情	1000098	1	0	0			2022-10-26 15:13:33	2023-05-29 20:39:51	0	1000069,1000098,1000100,0	用车,二手车类,市场行情,	2023-12-28
1000114	兴趣类标签	3	自驾游攻略	1000113	0	0	0			2022-10-26 15:13:33	2022-11-24 18:30:33	0	1000166,1000113,1000114,0	运动大类,自驾游,自驾游攻略,	2023-12-28
1000115	兴趣类标签	3	自驾装备	1000113	0	0	0			2022-10-26 15:13:33	2022-11-24 18:30:38	0	1000166,1000113,1000115,0	运动大类,自驾游,自驾装备,	2023-12-28
1000133	内容标签	3	行业政策	1000132	0	0	0			2022-10-26 15:13:33	2023-05-29 19:06:37	0	1000131,1000132,1000133,0	要闻热点,政府新闻,行业政策,	2023-12-28
1000528	内容标签	3	补贴政策	1000132	1	0	0			2023-05-29 20:16:15	2023-05-29 20:16:15	0	1000131,1000132,1000528,0	要闻热点,政府新闻,补贴政策,	2023-12-28
1000469	内容标签	3	交通政策	1000132	1	0	0			2022-11-30 17:15:05	2023-05-29 19:06:37	0	1000131,1000132,1000469,0	要闻热点,政府新闻,交通政策,	2023-12-28
1000149	内容标签	3	汽车油价	1000132	1	0	0			2022-10-26 15:13:33	2023-09-15 11:40:41	0	1000131,1000132,1000149,0	要闻热点,政府新闻,汽车油价,	2023-12-28
1000139	内容标签	3	二手车限迁法规	1000132	1	0	0			2022-10-26 15:13:33	2023-05-29 19:06:37	0	1000131,1000132,1000139,0	要闻热点,政府新闻,二手车限迁法规,	2023-12-28
1000135	内容标签	3	购车政策	1000132	0	0	0			2022-10-26 15:13:33	2023-05-29 19:06:37	0	1000131,1000132,1000135,0	要闻热点,政府新闻,购车政策,	2023-12-28
1000134	内容标签	3	驾考政策	1000132	0	0	0			2022-10-26 15:13:33	2023-05-29 19:06:37	0	1000131,1000132,1000134,0	要闻热点,政府新闻,驾考政策,	2023-12-28
1000137	内容标签	3	无效2	1000136	0	0	0			2022-10-26 15:13:33	2023-05-29 19:06:37	0	1000131,1000136,1000137,0	要闻热点,无效1,无效2,	2023-12-28
555	内容标签	3	自燃	1000140	1	0	0			2022-10-26 15:13:33	2023-05-29 19:06:36	555	1000131,1000140,555,0	要闻热点,内容负向,自燃,	2023-12-28
1000545	内容标签	3	车辆减配	1000140	1	0	0			2023-09-15 14:30:43	2023-09-15 14:30:43	0	1000131,1000140,1000545,0	要闻热点,内容负向,车辆减配,	2023-12-28
1000322	内容标签	3	商家吐槽	1000140	1	0	0			2022-11-24 17:27:20	2023-05-29 19:14:56	0	1000131,1000140,1000322,0	要闻热点,内容负向,商家吐槽,	2023-12-28
1000271	内容标签	3	车辆首撞	1000140	1	0	0			2022-11-23 23:54:56	2023-05-29 19:06:37	0	1000131,1000140,1000271,0	要闻热点,内容负向,车辆首撞,	2023-12-28
1000148	内容标签	3	安全性差	1000140	0	0	0			2022-10-26 15:13:33	2023-05-29 19:06:37	0	1000131,1000140,1000148,0	要闻热点,内容负向,安全性差,	2023-12-28
1000147	内容标签	3	性价比低	1000140	0	0	0			2022-10-26 15:13:33	2023-05-29 19:06:37	0	1000131,1000140,1000147,0	要闻热点,内容负向,性价比低,	2023-12-28
1000146	内容标签	3	产能不足	1000140	1	0	0			2022-10-26 15:13:33	2023-05-29 19:06:37	0	1000131,1000140,1000146,0	要闻热点,内容负向,产能不足,	2023-12-28
1000144	内容标签	3	故障投诉	1000140	1	0	0			2022-10-26 15:13:33	2023-05-29 19:06:37	0	1000131,1000140,1000144,0	要闻热点,内容负向,故障投诉,	2023-12-28
1000143	内容标签	3	维权事件	1000140	1	0	0			2022-10-26 15:13:33	2023-05-29 19:06:37	0	1000131,1000140,1000143,0	要闻热点,内容负向,维权事件,	2023-12-28
1000141	内容标签	3	交通事故	1000140	1	0	0			2022-10-26 15:13:33	2023-05-29 19:06:37	0	1000131,1000140,1000141,0	要闻热点,内容负向,交通事故,	2023-12-28
1000084	内容标签	3	爱车吐槽	1000140	1	0	0			2022-10-26 15:13:33	2023-05-29 19:15:44	0	1000131,1000140,1000084,0	要闻热点,内容负向,爱车吐槽,	2023-12-28
611	内容标签	3	车辆召回	1000140	1	0	0			2022-10-26 15:13:33	2023-05-29 19:06:36	611	1000131,1000140,611,0	要闻热点,内容负向,车辆召回,	2023-12-28
1000158	内容标签	3	汽车设计解读	1000159	0	0	0			2022-10-26 15:13:33	2023-09-15 15:19:22	0	1000156,1000159,1000158,0	汽车周边,知识科普,汽车设计解读,	2023-12-28
1000200	内容标签	3	设计师传记	1000159	0	0	0			2022-10-26 15:13:33	2023-09-15 15:19:22	0	1000156,1000159,1000200,0	汽车周边,知识科普,设计师传记,	2023-12-28
1000175	内容标签	3	技术传承	1000159	0	0	0			2022-10-26 15:13:33	2023-09-15 15:19:22	0	1000156,1000159,1000175,0	汽车周边,知识科普,技术传承,	2023-12-28
1000163	内容标签	3	车友聚会	1000161	1	0	0			2022-10-26 15:13:33	2023-05-29 19:09:59	0	1000156,1000161,1000163,0	汽车周边,汽车活动,车友聚会,	2023-12-28
1000297	内容标签	3	改装车活动	1000161	0	0	0			2022-11-24 14:51:55	2023-09-15 15:05:51	0	1000156,1000161,1000297,0	汽车周边,汽车活动,改装车活动,	2023-12-28
1000165	内容标签	3	赛事活动	1000161	1	0	0			2022-10-26 15:13:33	2023-05-29 19:06:37	0	1000156,1000161,1000165,0	汽车周边,汽车活动,赛事活动,	2023-12-28
1000164	内容标签	3	越野活动	1000161	0	0	0			2022-10-26 15:13:33	2023-09-15 15:06:00	0	1000156,1000161,1000164,0	汽车周边,汽车活动,越野活动,	2023-12-28
1000170	兴趣类标签	3	投融资	1000168	0	0	0			2022-10-26 15:13:33	2023-01-10 10:47:59	0	1000477,1000168,1000170,0	通用大类,财经,投融资,	2023-12-28
1000181	兴趣类标签	3	竞技运动	1000180	0	0	0			2022-10-26 15:13:33	2022-11-24 18:32:48	0	1000166,1000180,1000181,0	运动大类,运动,竞技运动,	2023-12-28
1000184	兴趣类标签	3	运动装备	1000180	0	0	0			2022-10-26 15:13:33	2022-11-24 18:33:00	0	1000166,1000180,1000184,0	运动大类,运动,运动装备,	2023-12-28
1000183	兴趣类标签	3	极限运动	1000180	0	0	0			2022-10-26 15:13:33	2022-11-24 18:32:56	0	1000166,1000180,1000183,0	运动大类,运动,极限运动,	2023-12-28
1000182	兴趣类标签	3	户外运动	1000180	0	0	0			2022-10-26 15:13:33	2022-11-24 18:32:53	0	1000166,1000180,1000182,0	运动大类,运动,户外运动,	2023-12-28
1000187	兴趣类标签	3	赛车游戏/模拟器	1000186	0	0	0			2022-10-26 15:13:33	2022-12-08 16:08:57	0	1000477,1000186,1000187,0	通用大类,游戏,赛车游戏/模拟器,	2023-12-28
1000189	兴趣类标签	3	旅游攻略	1000188	0	0	0			2022-10-26 15:13:33	2022-11-24 18:40:14	0	1000477,1000188,1000189,0	通用大类,游记攻略,旅游攻略,	2023-12-28
1000190	兴趣类标签	3	地域文化	1000188	0	0	0			2022-10-26 15:13:33	2022-11-24 18:40:21	0	1000477,1000188,1000190,0	通用大类,游记攻略,地域文化,	2023-12-28
275	内容标签	3	纯电	1000204	1	0	0			2022-10-26 15:13:33	2023-05-29 19:06:36	275	1000515,1000204,275,0	一级运营标签,新能源,纯电,	2023-12-28
1000208	内容标签	3	氢燃料	1000204	1	0	0			2022-10-26 15:13:33	2023-05-29 19:06:37	0	1000515,1000204,1000208,0	一级运营标签,新能源,氢燃料,	2023-12-28
296	内容标签	3	插电混动	1000204	1	0	0			2022-10-26 15:13:33	2023-05-29 19:06:36	296	1000515,1000204,296,0	一级运营标签,新能源,插电混动,	2023-12-28
289	内容标签	3	增程式	1000204	1	0	0			2022-10-26 15:13:33	2023-05-29 19:06:36	289	1000515,1000204,289,0	一级运营标签,新能源,增程式,	2023-12-28
1000211	产品属性标签	3	纯油	1000209	1	0	0			2022-10-26 15:13:33	2022-12-22 16:29:50	0	1000203,1000209,1000211,0	能源类型偏好,汽油,纯油,	2023-12-28
1000409	产品属性标签	3	小型MPV	1000216	0	0	0			2022-11-24 19:33:10	2023-01-05 15:49:57	0	1000215,1000216,1000409,0	级别偏好,mpv,小型MPV,	2023-12-28
1000413	产品属性标签	3	大型MPV	1000216	0	0	0			2022-11-24 19:35:42	2023-01-05 15:49:57	0	1000215,1000216,1000413,0	级别偏好,mpv,大型MPV,	2023-12-28
1000412	产品属性标签	3	中大型MPV	1000216	0	0	0			2022-11-24 19:35:19	2023-01-05 15:49:57	0	1000215,1000216,1000412,0	级别偏好,mpv,中大型MPV,	2023-12-28
1000411	产品属性标签	3	紧凑型MPV	1000216	0	0	0			2022-11-24 19:33:27	2023-01-05 15:49:57	0	1000215,1000216,1000411,0	级别偏好,mpv,紧凑型MPV,	2023-12-28
1000233	内容标签	3	跑车	1000228	1	0	0			2022-10-26 15:13:33	2023-05-29 19:06:37	0	1000515,1000228,1000233,0	一级运营标签,摩托车,跑车,	2023-12-28
1000450	内容标签	3	其他类型	1000228	1	0	0			2022-11-24 20:53:25	2023-05-29 19:06:37	0	1000515,1000228,1000450,0	一级运营标签,摩托车,其他类型,	2023-12-28
1000449	内容标签	3	弯梁	1000228	1	0	0			2022-11-24 20:53:11	2023-05-29 19:06:37	0	1000515,1000228,1000449,0	一级运营标签,摩托车,弯梁,	2023-12-28
1000448	内容标签	3	三轮	1000228	1	0	0			2022-11-24 20:53:04	2023-05-29 19:06:37	0	1000515,1000228,1000448,0	一级运营标签,摩托车,三轮,	2023-12-28
1000447	内容标签	3	MINI	1000228	1	0	0			2022-11-24 20:52:56	2023-05-29 19:06:37	0	1000515,1000228,1000447,0	一级运营标签,摩托车,MINI,	2023-12-28
1000446	内容标签	3	越野摩托	1000228	1	0	0			2022-11-24 20:52:48	2023-05-29 19:06:37	0	1000515,1000228,1000446,0	一级运营标签,摩托车,越野摩托,	2023-12-28
1000444	内容标签	3	旅行	1000228	1	0	0			2022-11-24 20:52:29	2023-05-29 19:06:37	0	1000515,1000228,1000444,0	一级运营标签,摩托车,旅行,	2023-12-28
1000443	内容标签	3	冒险	1000228	1	0	0			2022-11-24 20:21:03	2023-05-29 19:06:37	0	1000515,1000228,1000443,0	一级运营标签,摩托车,冒险,	2023-12-28
1000437	内容标签	3	巡航	1000228	1	0	0			2022-11-24 19:58:38	2023-05-29 19:06:37	0	1000515,1000228,1000437,0	一级运营标签,摩托车,巡航,	2023-12-28
1000436	内容标签	3	踏板	1000228	1	0	0			2022-11-24 19:57:56	2023-05-29 19:06:37	0	1000515,1000228,1000436,0	一级运营标签,摩托车,踏板,	2023-12-28
1000435	内容标签	3	街车	1000228	1	0	0			2022-11-24 19:57:49	2023-05-29 19:06:37	0	1000515,1000228,1000435,0	一级运营标签,摩托车,街车,	2023-12-28
1000263	运营标签	3	优质评测	1000262	0	0	0			2022-10-26 15:13:33	2023-06-27 15:28:44	0	1000258,1000262,1000263,0	运营,众测内容,优质评测,	2023-12-28
1000264	运营标签	3	神评测	1000262	0	0	0			2022-10-26 15:13:33	2023-06-27 15:28:44	0	1000258,1000262,1000264,0	运营,众测内容,神评测,	2023-12-28
338	内容标签	3	论坛峰会	1000272	1	0	0			2022-10-26 15:13:33	2023-05-29 19:06:36	338	1000131,1000272,338,0	要闻热点,车圈新闻,论坛峰会,	2023-12-28
1000544	内容标签	3	新能源新闻	1000272	1	0	0			2023-09-15 14:29:39	2023-09-15 14:29:39	0	1000131,1000272,1000544,0	要闻热点,车圈新闻,新能源新闻,	2023-12-28
1000543	内容标签	3	汽车出口	1000272	1	0	0			2023-09-15 14:29:11	2023-09-15 14:29:11	0	1000131,1000272,1000543,0	要闻热点,车圈新闻,汽车出口,	2023-12-28
1000542	内容标签	3	人物观点	1000272	1	0	0			2023-09-15 11:50:26	2023-09-15 11:50:26	0	1000131,1000272,1000542,0	要闻热点,车圈新闻,人物观点,	2023-12-28
1000520	内容标签	3	新闻聚合	1000272	1	0	0			2023-05-29 19:32:53	2023-05-29 19:32:53	0	1000131,1000272,1000520,0	要闻热点,车圈新闻,新闻聚合,	2023-12-28
1000199	内容标签	3	花边新闻	1000272	1	0	0			2022-10-26 15:13:33	2023-05-29 19:06:37	0	1000131,1000272,1000199,0	要闻热点,车圈新闻,花边新闻,	2023-12-28
1000171	内容标签	3	行业评论	1000272	1	0	0			2022-10-26 15:13:33	2023-05-29 19:06:37	0	1000131,1000272,1000171,0	要闻热点,车圈新闻,行业评论,	2023-12-28
1000154	内容标签	3	销量排行	1000272	0	0	0			2022-10-26 15:13:33	2023-05-29 20:26:15	0	1000131,1000272,1000154,0	要闻热点,车圈新闻,销量排行,	2023-12-28
1000151	内容标签	3	销量新闻	1000272	1	0	0			2022-10-26 15:13:33	2023-05-29 19:09:39	0	1000131,1000272,1000151,0	要闻热点,车圈新闻,销量新闻,	2023-12-28
1000048	内容标签	3	价格行情	1000272	1	0	0			2022-10-26 15:13:33	2023-05-29 19:06:37	0	1000131,1000272,1000048,0	要闻热点,车圈新闻,价格行情,	2023-12-28
1000281	内容标签	3	广州车展	1000278	1	0	0			2022-11-24 11:52:18	2023-09-15 15:22:38	0	1000162,1000278,1000281,0	车展活动,国内车展,广州车展,	2023-12-28
1000287	内容标签	3	天津车展	1000278	1	0	0			2022-11-24 11:53:28	2023-09-15 15:22:38	0	1000162,1000278,1000287,0	车展活动,国内车展,天津车展,	2023-12-28
1000286	内容标签	3	重庆车展	1000278	1	0	0			2022-11-24 11:53:07	2023-09-15 15:22:38	0	1000162,1000278,1000286,0	车展活动,国内车展,重庆车展,	2023-12-28
1000285	内容标签	3	粤港澳车展	1000278	1	0	0			2022-11-24 11:52:52	2023-09-15 15:22:38	0	1000162,1000278,1000285,0	车展活动,国内车展,粤港澳车展,	2023-12-28
1000284	内容标签	3	上海车展	1000278	1	0	0			2022-11-24 11:52:45	2023-09-15 15:22:38	0	1000162,1000278,1000284,0	车展活动,国内车展,上海车展,	2023-12-28
1000283	内容标签	3	成都车展	1000278	1	0	0			2022-11-24 11:52:37	2023-09-15 15:22:38	0	1000162,1000278,1000283,0	车展活动,国内车展,成都车展,	2023-12-28
1000282	内容标签	3	北京车展	1000278	1	0	0			2022-11-24 11:52:26	2023-09-15 15:22:38	0	1000162,1000278,1000282,0	车展活动,国内车展,北京车展,	2023-12-28
1000288	内容标签	3	洛杉矶车展	1000279	1	0	0			2022-11-24 11:53:42	2023-09-15 15:23:10	0	1000162,1000279,1000288,0	车展活动,国外车展,洛杉矶车展,	2023-12-28
1000296	内容标签	3	法兰克福车展	1000279	1	0	0			2022-11-24 14:48:15	2023-09-15 15:23:10	0	1000162,1000279,1000296,0	车展活动,国外车展,法兰克福车展,	2023-12-28
1000295	内容标签	3	CES展	1000279	1	0	0			2022-11-24 14:48:06	2023-09-15 15:23:10	0	1000162,1000279,1000295,0	车展活动,国外车展,CES展,	2023-12-28
1000294	内容标签	3	日内瓦车展	1000279	1	0	0			2022-11-24 14:47:59	2023-09-15 15:23:10	0	1000162,1000279,1000294,0	车展活动,国外车展,日内瓦车展,	2023-12-28
1000293	内容标签	3	纽约车展	1000279	1	0	0			2022-11-24 14:47:42	2023-09-15 15:23:10	0	1000162,1000279,1000293,0	车展活动,国外车展,纽约车展,	2023-12-28
1000292	内容标签	3	慕尼黑车展	1000279	1	0	0			2022-11-24 14:47:34	2023-09-15 15:23:10	0	1000162,1000279,1000292,0	车展活动,国外车展,慕尼黑车展,	2023-12-28
1000291	内容标签	3	东京车展	1000279	1	0	0			2022-11-24 12:28:08	2023-09-15 15:23:10	0	1000162,1000279,1000291,0	车展活动,国外车展,东京车展,	2023-12-28
1000290	内容标签	3	北美车展	1000279	1	0	0			2022-11-24 12:27:48	2023-09-15 15:23:10	0	1000162,1000279,1000290,0	车展活动,国外车展,北美车展,	2023-12-28
1000289	内容标签	3	巴黎车展	1000279	1	0	0			2022-11-24 12:27:39	2023-09-15 15:23:10	0	1000162,1000279,1000289,0	车展活动,国外车展,巴黎车展,	2023-12-28
1000307	内容标签	3	三大件技术	1000305	1	0	0			2022-11-24 15:38:02	2023-05-29 19:10:31	0	1000302,1000305,1000307,0	技术与评测,汽车技术,三大件技术,	2023-12-28
1000311	内容标签	3	新能源技术	1000305	1	0	0			2022-11-24 15:38:50	2023-05-29 19:10:42	0	1000302,1000305,1000311,0	技术与评测,汽车技术,新能源技术,	2023-12-28
1000310	内容标签	3	智能驾驶	1000305	1	0	0			2022-11-24 15:38:39	2023-05-29 19:10:59	0	1000302,1000305,1000310,0	技术与评测,汽车技术,智能驾驶,	2023-12-28
1000309	内容标签	3	生产与制造	1000305	1	0	0			2022-11-24 15:38:31	2023-05-29 19:06:37	0	1000302,1000305,1000309,0	技术与评测,汽车技术,生产与制造,	2023-12-28
1000308	内容标签	3	安全技术	1000305	1	0	0			2022-11-24 15:38:24	2023-05-29 19:10:51	0	1000302,1000305,1000308,0	技术与评测,汽车技术,安全技术,	2023-12-28
1000327	内容标签	3	骑士装备	1000326	1	0	0			2022-11-24 17:41:45	2023-05-29 19:06:37	0	1000069,1000326,1000327,0	用车,摩托车用车分享,骑士装备,	2023-12-28
1000551	内容标签	3	摩托改色	1000326	1	0	0			2023-09-15 15:03:28	2023-09-15 15:03:28	0	1000069,1000326,1000551,0	用车,摩托车用车分享,摩托改色,	2023-12-28
1000329	内容标签	3	摩托改装	1000326	1	0	0			2022-11-24 17:42:06	2023-05-29 19:06:37	0	1000069,1000326,1000329,0	用车,摩托车用车分享,摩托改装,	2023-12-28
1000328	内容标签	3	摩旅记录	1000326	1	0	0			2022-11-24 17:41:57	2023-05-29 19:06:37	0	1000069,1000326,1000328,0	用车,摩托车用车分享,摩旅记录,	2023-12-28
1000331	内容标签	3	货车司机生活分享	1000330	1	0	0			2022-11-24 17:42:34	2023-05-29 19:06:37	0	1000069,1000330,1000331,0	用车,商用车类,货车司机生活分享,	2023-12-28
1000332	内容标签	3	商用车选买	1000330	1	0	0			2022-11-24 17:44:58	2023-05-29 19:06:37	0	1000069,1000330,1000332,0	用车,商用车类,商用车选买,	2023-12-28
1000517	兴趣类标签	3	销量榜单	1000351	0	0	0			2023-05-29 19:31:28	2023-09-15 15:43:31	0	1000477,1000351,1000517,0	通用大类,榜单,销量榜单,	2023-12-28
1000519	兴趣类标签	3	降价榜单	1000351	0	0	0			2023-05-29 19:32:11	2023-09-15 15:43:31	0	1000477,1000351,1000519,0	通用大类,榜单,降价榜单,	2023-12-28
1000518	兴趣类标签	3	投诉榜单	1000351	0	0	0			2023-05-29 19:31:59	2023-09-15 15:43:31	0	1000477,1000351,1000518,0	通用大类,榜单,投诉榜单,	2023-12-28
1000554	内容标签	3	汽车美图	1000553	1	0	0			2023-09-15 15:17:59	2023-09-15 15:17:59	0	1000156,1000553,1000554,0	汽车周边,美图分享,汽车美图,	2023-12-28
1000555	内容标签	3	美女车模	1000553	1	0	0			2023-09-15 15:18:09	2023-09-15 15:18:09	0	1000156,1000553,1000555,0	汽车周边,美图分享,美女车模,	2023-12-28
86	内容标签	3	海外评测	1000557	1	0	0			2022-10-26 15:13:33	2023-09-15 15:21:26	86	1000156,1000557,86,0	汽车周边,海外车事,海外评测,	2023-12-28
1000129	内容标签	3	海外新车	1000557	1	0	0			2022-10-26 15:13:33	2023-09-15 15:20:50	0	1000156,1000557,1000129,0	汽车周边,海外车事,海外新车,	2023-12-28
58	内容标签	2	配置曝光	1000117	1	0	0			2022-10-26 15:13:33	2023-09-15 10:14:07	58	1000117,58,0,0	新车资讯,配置曝光,,	2023-12-28
240	产品属性标签	2	卡车	1000215	0	0	0			2022-10-26 15:13:33	2023-01-10 16:33:55	240	1000215,240,0,0	级别偏好,卡车,,	2023-12-28
387	内容标签	2	维修保养	1000069	1	0	0			2022-10-26 15:13:33	2023-05-29 19:27:09	387	1000069,387,0,0	用车,维修保养,,	2023-12-28
436	内容标签	2	汽车历史	1000156	1	0	0			2022-10-26 15:13:33	2023-05-29 19:06:36	436	1000156,436,0,0	汽车周边,汽车历史,,	2023-12-28
590	产品属性标签	2	皮卡	1000215	0	0	0			2022-10-26 15:13:33	2023-01-10 16:31:02	590	1000215,590,0,0	级别偏好,皮卡,,	2023-12-28
667	兴趣类标签	2	养生	1000166	0	0	0			2022-10-26 15:13:33	2023-01-10 11:54:31	667	1000166,667,0,0	运动大类,养生,,	2023-12-28
695	兴趣类标签	2	科技	1000477	0	0	0			2022-10-26 15:13:33	2023-05-29 19:46:14	695	1000477,695,0,0	通用大类,科技,,	2023-12-28
702	兴趣类标签	2	健身	1000166	0	0	0			2022-10-26 15:13:33	2023-05-29 19:42:48	702	1000166,702,0,0	运动大类,健身,,	2023-12-28
793	兴趣类标签	2	高速道路	1000484	1	0	0			2022-10-26 15:13:33	2023-09-15 16:44:56	793	1000484,793,0,0	场景大类,高速道路,,	2023-12-28
800	兴趣类标签	2	山路道路	1000484	1	0	0			2022-10-26 15:13:33	2023-09-15 16:45:01	800	1000484,800,0,0	场景大类,山路道路,,	2023-12-28
807	兴趣类标签	2	越野道路	1000484	1	0	0			2022-10-26 15:13:33	2023-09-15 16:45:06	807	1000484,807,0,0	场景大类,越野道路,,	2023-12-28
814	兴趣类标签	2	雨雪天气	1000484	1	0	0			2022-10-26 15:13:33	2023-09-15 15:52:54	814	1000484,814,0,0	场景大类,雨雪天气,,	2023-12-28
828	产品属性标签	2	轿车	1000215	0	0	0			2022-10-26 15:13:33	2023-01-10 16:30:41	828	1000215,828,0,0	级别偏好,轿车,,	2023-12-28
835	产品属性标签	2	厢货	1000215	0	0	0			2022-10-26 15:13:33	2023-01-10 16:34:37	254	1000215,835,0,0	级别偏好,厢货,,	2023-12-28
842	产品属性标签	2	suv	1000215	0	0	0			2022-10-26 15:13:33	2023-01-10 16:30:01	842	1000215,842,0,0	级别偏好,suv,,	2023-12-28
863	兴趣类标签	2	夜间道路	1000484	1	0	0			2022-10-26 15:13:33	2023-09-15 16:45:32	863	1000484,863,0,0	场景大类,夜间道路,,	2023-12-28
80065	直播标签	2	直播广州车展	80064	0	0	0			2023-01-10 16:47:12	2023-01-10 17:01:54	0	80064,80065,0,0	直播车展,直播广州车展,,	2023-12-28
80094	直播标签	2	编辑日常直播	80093	0	0	0			2023-01-10 16:50:11	2023-01-10 17:11:07	0	80093,80094,0,0	日常直播,编辑日常直播,,	2023-12-28
80095	直播标签	2	KOL日常直播	80093	0	0	0			2023-01-10 16:50:22	2023-01-10 17:11:07	0	80093,80095,0,0	日常直播,KOL日常直播,,	2023-12-28
80097	直播标签	2	上市直播	80093	0	0	0			2023-01-10 16:50:30	2023-01-10 17:11:07	0	80093,80097,0,0	日常直播,上市直播,,	2023-12-28
80098	直播标签	2	商配上市直播	80096	0	0	0			2023-01-10 16:50:51	2023-01-10 17:11:10	0	80096,80098,0,0	商配直播,商配上市直播,,	2023-12-28
80101	直播标签	2	商配编辑KOL直播	80096	0	0	0			2023-01-10 16:51:07	2023-01-10 17:11:10	0	80096,80101,0,0	商配直播,商配编辑KOL直播,,	2023-12-28
80103	直播标签	2	直播上海车展	80064	0	0	0			2023-01-10 16:48:20	2023-01-10 17:11:04	0	80064,80103,0,0	直播车展,直播上海车展,,	2023-12-28
80104	直播标签	2	直播北京车展	80064	0	0	0			2023-01-10 16:47:58	2023-01-10 17:11:04	0	80064,80104,0,0	直播车展,直播北京车展,,	2023-12-28
80105	直播标签	2	直播成都车展	80064	0	0	0			2023-01-10 16:48:41	2023-01-10 17:11:04	0	80064,80105,0,0	直播车展,直播成都车展,,	2023-12-28
80106	直播标签	2	直播天津车展	80064	0	0	0			2023-01-10 16:48:49	2023-01-10 17:11:04	0	80064,80106,0,0	直播车展,直播天津车展,,	2023-12-28
80107	直播标签	2	北京摩托车展	80064	0	0	0			2023-01-10 16:49:05	2023-01-10 17:11:04	0	80064,80107,0,0	直播车展,北京摩托车展,,	2023-12-28
80108	直播标签	2	重庆摩托车展	80064	0	0	0			2023-01-10 16:49:18	2023-01-10 17:11:04	0	80064,80108,0,0	直播车展,重庆摩托车展,,	2023-12-28
80110	直播标签	2	4S店经销商直播	80099	0	0	0			2023-01-10 16:51:59	2023-01-10 17:11:13	0	80099,80110,0,0	经销商直播,4S店经销商直播,,	2023-12-28
80111	直播标签	2	易车直播测试	80100	0	0	0			2023-01-10 16:52:24	2023-01-10 17:11:16	0	80100,80111,0,0	直播测试,易车直播测试,,	2023-12-28
80112	直播标签	2	易车直播	80102	0	0	0			2023-01-10 16:56:43	2023-01-10 17:11:21	0	80102,80112,0,0	易车内部直播,易车直播,,	2023-12-28
80113	直播标签	2	汽车赛事	80109	0	0	0			2023-01-10 16:59:37	2023-01-10 17:11:24	0	80109,80113,0,0	赛事直播,汽车赛事,,	2023-12-28
80114	直播标签	2	摩托车赛事	80109	0	0	0			2023-01-10 16:59:44	2023-01-10 17:11:24	0	80109,80114,0,0	赛事直播,摩托车赛事,,	2023-12-28
80140	内容标签	2	充电攻略	1000069	1	0	0			2022-10-26 15:13:33	2023-05-29 19:06:36	80140	1000069,80140,0,0	用车,充电攻略,,	2023-12-28
80298	兴趣类标签	2	越野	1000479	0	0	0			2022-10-26 15:13:33	2023-09-15 16:43:06	80298	1000479,80298,0,0	汽车大类,越野,,	2023-12-28
80323	兴趣类标签	2	数码产品	1000166	0	0	0			2022-10-26 15:13:33	2023-01-10 11:55:16	80323	1000166,80323,0,0	运动大类,数码产品,,	2023-12-28
80337	兴趣类标签	2	酒水饮品	1000166	0	0	0			2022-10-26 15:13:33	2023-01-10 11:54:56	80337	1000166,80337,0,0	运动大类,酒水饮品,,	2023-12-28
80338	兴趣类标签	2	手工diy	1000166	0	0	0			2022-10-26 15:13:33	2023-01-10 11:57:42	80338	1000166,80338,0,0	运动大类,手工diy,,	2023-12-28
80339	兴趣类标签	2	宠物	1000477	0	0	0			2022-10-26 15:13:33	2023-05-29 19:45:44	80339	1000477,80339,0,0	通用大类,宠物,,	2023-12-28
1000011	内容标签	2	导购	1000056	1	0	0			2022-10-26 15:13:33	2023-05-29 19:56:30	0	1000056,1000011,0,0	选买类内容,导购,,	2023-12-28
1000021	内容标签	2	评测	1000302	1	0	0			2022-10-26 15:13:33	2023-05-29 19:06:36	0	1000302,1000021,0,0	技术与评测,评测,,	2023-12-28
1000047	兴趣类标签	2	图解	1000485	0	0	0			2022-10-26 15:13:33	2023-01-10 10:34:35	0	1000485,1000047,0,0	运营标签,图解,,	2023-12-28
1000057	内容标签	2	购车流程	1000056	0	0	0			2022-10-26 15:13:33	2023-05-29 19:06:37	0	1000056,1000057,0,0	选买类内容,购车流程,,	2023-12-28
1000064	内容标签	2	买车相关	1000056	1	0	0			2022-10-26 15:13:33	2023-09-15 14:43:28	0	1000056,1000064,0,0	选买类内容,买车相关,,	2023-12-28
1000074	内容标签	2	车主事故	1000069	0	0	0			2022-10-26 15:13:33	2023-05-29 19:06:37	0	1000069,1000074,0,0	用车,车主事故,,	2023-12-28
1000075	内容标签	2	汽车用品	1000069	0	0	0			2022-10-26 15:13:33	2023-05-29 19:06:37	0	1000069,1000075,0,0	用车,汽车用品,,	2023-12-28
1000082	内容标签	2	用车相关	1000069	1	0	0			2022-10-26 15:13:33	2023-09-15 14:50:54	0	1000069,1000082,0,0	用车,用车相关,,	2023-12-28
1000092	内容标签	2	车类知识	1000069	1	0	0			2022-10-26 15:13:33	2023-09-15 15:38:03	0	1000069,1000092,0,0	用车,车类知识,,	2023-12-28
1000098	内容标签	2	二手车类	1000069	1	0	0			2022-10-26 15:13:33	2023-05-29 19:06:37	0	1000069,1000098,0,0	用车,二手车类,,	2023-12-28
1000109	兴趣类标签	2	改装分享	1000479	0	0	0			2022-10-26 15:13:33	2023-05-29 19:48:28	0	1000479,1000109,0,0	汽车大类,改装分享,,	2023-12-28
1000112	兴趣类标签	2	赛车	1000479	1	0	0			2022-10-26 15:13:33	2023-01-10 10:27:15	0	1000479,1000112,0,0	汽车大类,赛车,,	2023-12-28
1000113	兴趣类标签	2	自驾游	1000166	0	0	0			2022-10-26 15:13:33	2023-01-10 10:48:50	0	1000166,1000113,0,0	运动大类,自驾游,,	2023-12-28
1000116	兴趣类标签	2	露营	1000479	1	0	0			2022-10-26 15:13:33	2023-05-29 20:56:19	0	1000479,1000116,0,0	汽车大类,露营,,	2023-12-28
1000118	内容标签	2	预热	1000117	1	0	0			2022-10-26 15:13:33	2023-09-15 10:14:49	0	1000117,1000118,0,0	新车资讯,预热,,	2023-12-28
1000119	内容标签	2	预告图	1000117	0	0	0			2022-10-26 15:13:33	2023-05-29 19:06:37	0	1000117,1000119,0,0	新车资讯,预告图,,	2023-12-28
1000120	内容标签	2	申报图	1000117	1	0	0			2022-10-26 15:13:33	2023-09-15 10:14:59	0	1000117,1000120,0,0	新车资讯,申报图,,	2023-12-28
1000121	内容标签	2	实车曝光	1000117	1	0	0			2022-10-26 15:13:33	2023-09-15 10:15:07	0	1000117,1000121,0,0	新车资讯,实车曝光,,	2023-12-28
1000122	内容标签	2	伪装图	1000117	0	0	0			2022-10-26 15:13:33	2023-05-29 19:06:37	0	1000117,1000122,0,0	新车资讯,伪装图,,	2023-12-28
1000123	内容标签	2	新车计划	1000117	0	0	0			2022-10-26 15:13:33	2023-09-15 16:42:52	0	1000117,1000123,0,0	新车资讯,新车计划,,	2023-12-28
1000125	内容标签	2	新车上市	1000117	1	0	0			2022-10-26 15:13:33	2023-09-15 10:16:12	0	1000117,1000125,0,0	新车资讯,新车上市,,	2023-12-28
1000126	内容标签	2	预售	1000117	1	0	0			2022-10-26 15:13:33	2023-09-15 10:16:24	0	1000117,1000126,0,0	新车资讯,预售,,	2023-12-28
1000127	内容标签	2	发布亮相	1000117	1	0	0			2022-10-26 15:13:33	2023-09-15 10:16:38	0	1000117,1000127,0,0	新车资讯,发布亮相,,	2023-12-28
1000128	内容标签	2	路拍图	1000117	0	0	0			2022-10-26 15:13:33	2023-05-29 19:06:37	0	1000117,1000128,0,0	新车资讯,路拍图,,	2023-12-28
1000130	内容标签	2	谍照	1000117	1	0	0			2022-10-26 15:13:33	2023-09-15 10:15:24	0	1000117,1000130,0,0	新车资讯,谍照,,	2023-12-28
1000132	内容标签	2	政府新闻	1000131	1	0	0			2022-10-26 15:13:33	2023-09-15 10:26:00	0	1000131,1000132,0,0	要闻热点,政府新闻,,	2023-12-28
1000136	内容标签	2	无效1	1000131	0	0	0			2022-10-26 15:13:33	2023-05-29 19:06:37	0	1000131,1000136,0,0	要闻热点,无效1,,	2023-12-28
1000140	内容标签	2	内容负向	1000131	1	0	0			2022-10-26 15:13:33	2023-05-29 19:07:39	0	1000131,1000140,0,0	要闻热点,内容负向,,	2023-12-28
1000150	内容标签	2	交通路况	1000131	0	0	0			2022-10-26 15:13:33	2023-05-29 19:06:37	0	1000131,1000150,0,0	要闻热点,交通路况,,	2023-12-28
1000159	内容标签	2	知识科普	1000156	0	0	0			2022-10-26 15:13:33	2023-09-15 15:19:22	0	1000156,1000159,0,0	汽车周边,知识科普,,	2023-12-28
1000161	内容标签	2	汽车活动	1000156	1	0	0			2022-10-26 15:13:33	2023-05-29 19:06:37	0	1000156,1000161,0,0	汽车周边,汽车活动,,	2023-12-28
1000167	兴趣类标签	2	美食	1000477	0	0	0			2022-10-26 15:13:33	2023-09-15 15:41:19	0	1000477,1000167,0,0	通用大类,美食,,	2023-12-28
1000168	兴趣类标签	2	财经	1000477	1	0	0			2022-10-26 15:13:33	2023-01-10 10:48:08	0	1000477,1000168,0,0	通用大类,财经,,	2023-12-28
1000169	兴趣类标签	2	股市	1000482	0	0	0			2022-10-26 15:13:33	2023-05-29 19:51:08	0	1000482,1000169,0,0	内容看点,股市,,	2023-12-28
1000180	兴趣类标签	2	运动	1000166	0	0	0			2022-10-26 15:13:33	2023-05-29 19:42:33	0	1000166,1000180,0,0	运动大类,运动,,	2023-12-28
1000186	兴趣类标签	2	游戏	1000477	1	0	0			2022-10-26 15:13:33	2023-01-10 10:16:27	0	1000477,1000186,0,0	通用大类,游戏,,	2023-12-28
1000188	兴趣类标签	2	游记攻略	1000477	1	0	0			2022-10-26 15:13:33	2023-09-15 15:45:08	0	1000477,1000188,0,0	通用大类,游记攻略,,	2023-12-28
1000191	兴趣类标签	2	1	1000166	0	0	0			2022-10-26 15:13:33	2022-11-30 18:24:50	0	1000166,1000191,0,0	运动大类,1,,	2023-12-28
1000192	兴趣类标签	2	模型手办	1000482	1	0	0			2022-10-26 15:13:33	2023-01-10 10:33:00	0	1000482,1000192,0,0	内容看点,模型手办,,	2023-12-28
1000193	兴趣类标签	2	手表	1000166	0	0	0			2022-10-26 15:13:33	2023-01-10 10:50:02	0	1000166,1000193,0,0	运动大类,手表,,	2023-12-28
1000198	兴趣类标签	2	美女	1000478	1	0	0			2022-10-26 15:13:33	2023-01-10 10:19:24	0	1000478,1000198,0,0	人群大类,美女,,	2023-12-28
1000202	兴趣类标签	2	故事剧情	1000482	1	0	0			2022-10-26 15:13:33	2023-01-10 10:32:50	0	1000482,1000202,0,0	内容看点,故事剧情,,	2023-12-28
1000204	内容标签	2	新能源	1000515	1	0	0			2022-10-26 15:13:33	2023-05-29 19:06:37	0	1000515,1000204,0,0	一级运营标签,新能源,,	2023-12-28
1000209	产品属性标签	2	汽油	1000203	1	0	0			2022-10-26 15:13:33	2022-12-22 16:29:47	0	1000203,1000209,0,0	能源类型偏好,汽油,,	2023-12-28
1000210	产品属性标签	2	油电混动	1000203	1	0	0			2022-10-26 15:13:33	2022-12-22 16:29:53	0	1000203,1000210,0,0	能源类型偏好,油电混动,,	2023-12-28
1000213	产品属性标签	2	平行进口车	1000451	1	0	0			2022-10-26 15:13:33	2022-12-22 16:34:52	0	1000451,1000213,0,0	车型特点,平行进口车,,	2023-12-28
1000214	产品属性标签	2	海外车	1000212	1	0	0			2022-10-26 15:13:33	2022-12-22 16:30:11	0	1000212,1000214,0,0	汽车市场,海外车,,	2023-12-28
1000216	产品属性标签	2	mpv	1000215	0	0	0			2022-10-26 15:13:33	2023-01-05 15:49:57	0	1000215,1000216,0,0	级别偏好,mpv,,	2023-12-28
1000220	产品属性标签	2	房车	1000451	1	0	0			2022-10-26 15:13:33	2022-12-22 16:35:03	0	1000451,1000220,0,0	车型特点,房车,,	2023-12-28
1000221	产品属性标签	2	越野车	1000215	0	0	0			2022-10-26 15:13:33	2023-01-05 15:49:57	0	1000215,1000221,0,0	级别偏好,越野车,,	2023-12-28
1000222	产品属性标签	2	商用车	1000451	1	0	0			2022-10-26 15:13:33	2022-12-22 16:35:06	0	1000451,1000222,0,0	车型特点,商用车,,	2023-12-28
1000223	产品属性标签	2	客车	1000451	1	0	0			2022-10-26 15:13:33	2022-12-22 16:35:10	247	1000451,1000223,0,0	车型特点,客车,,	2023-12-28
1000224	产品属性标签	2	工业用车	1000215	0	0	0			2022-10-26 15:13:33	2023-01-05 15:49:57	0	1000215,1000224,0,0	级别偏好,工业用车,,	2023-12-28
1000225	产品属性标签	2	农业用车	1000215	0	0	0			2022-10-26 15:13:33	2023-01-05 15:49:57	0	1000215,1000225,0,0	级别偏好,农业用车,,	2023-12-28
1000228	内容标签	2	摩托车	1000515	1	0	0			2022-10-26 15:13:33	2023-05-29 19:06:37	0	1000515,1000228,0,0	一级运营标签,摩托车,,	2023-12-28
1000229	产品属性标签	2	三轮车	1000215	0	0	0			2022-10-26 15:13:33	2023-01-05 15:49:57	0	1000215,1000229,0,0	级别偏好,三轮车,,	2023-12-28
1000230	产品属性标签	2	电动自行车	1000215	0	0	0			2022-10-26 15:13:33	2023-01-05 15:49:57	0	1000215,1000230,0,0	级别偏好,电动自行车,,	2023-12-28
1000231	产品属性标签	2	性能车	1000451	1	0	0			2022-10-26 15:13:33	2022-12-22 16:35:15	835	1000451,1000231,0,0	车型特点,性能车,,	2023-12-28
1000234	产品属性标签	2	豪华车	1000451	1	0	0			2022-10-26 15:13:33	2022-12-22 16:35:21	0	1000451,1000234,0,0	车型特点,豪华车,,	2023-12-28
1000236	产品属性标签	2	热门车	1000451	1	0	0			2022-10-26 15:13:33	2022-12-22 16:35:24	0	1000451,1000236,0,0	车型特点,热门车,,	2023-12-28
1000246	运营标签	2	空间	1000245	0	0	0			2022-10-26 15:13:33	2023-06-27 15:28:47	0	1000245,1000246,0,0	内容主旨,空间,,	2023-12-28
1000247	运营标签	2	内饰	1000245	0	0	0			2022-10-26 15:13:33	2023-06-27 15:28:47	0	1000245,1000247,0,0	内容主旨,内饰,,	2023-12-28
1000248	运营标签	2	外观	1000245	0	0	0			2022-10-26 15:13:33	2023-06-27 15:28:47	0	1000245,1000248,0,0	内容主旨,外观,,	2023-12-28
1000249	运营标签	2	信息及多媒体功能	1000245	0	0	0			2022-10-26 15:13:33	2023-06-27 15:28:47	0	1000245,1000249,0,0	内容主旨,信息及多媒体功能,,	2023-12-28
1000250	运营标签	2	辅助驾驶	1000245	0	0	0			2022-10-26 15:13:33	2023-06-27 15:28:47	0	1000245,1000250,0,0	内容主旨,辅助驾驶,,	2023-12-28
1000251	运营标签	2	能耗	1000245	0	0	0			2022-10-26 15:13:33	2023-06-27 15:28:47	0	1000245,1000251,0,0	内容主旨,能耗,,	2023-12-28
1000252	运营标签	2	续航	1000245	0	0	0			2022-10-26 15:13:33	2023-06-27 15:28:47	0	1000245,1000252,0,0	内容主旨,续航,,	2023-12-28
1000253	运营标签	2	动力性	1000245	0	0	0			2022-10-26 15:13:33	2023-06-27 15:28:47	0	1000245,1000253,0,0	内容主旨,动力性,,	2023-12-28
1000254	运营标签	2	安全性	1000245	0	0	0			2022-10-26 15:13:33	2023-06-27 15:28:47	0	1000245,1000254,0,0	内容主旨,安全性,,	2023-12-28
1000255	运营标签	2	舒适性	1000245	0	0	0			2022-10-26 15:13:33	2023-06-27 15:28:47	0	1000245,1000255,0,0	内容主旨,舒适性,,	2023-12-28
1000256	运营标签	2	操纵性	1000245	0	0	0			2022-10-26 15:13:33	2023-06-27 15:28:47	0	1000245,1000256,0,0	内容主旨,操纵性,,	2023-12-28
1000257	运营标签	2	便利性	1000245	0	0	0			2022-10-26 15:13:33	2023-06-27 15:28:47	0	1000245,1000257,0,0	内容主旨,便利性,,	2023-12-28
1000259	内容标签	2	泛内容-短	1000515	0	0	0			2022-10-26 15:13:33	2023-08-29 16:30:58	0	1000515,1000259,0,0	一级运营标签,泛内容-短,,	2023-12-28
1000260	内容标签	2	分享类内容	1000515	0	0	0			2022-10-26 15:13:33	2023-08-29 16:30:35	0	1000515,1000260,0,0	一级运营标签,分享类内容,,	2023-12-28
1000261	运营标签	2	攻略-短内容	1000258	0	0	0			2022-10-26 15:13:33	2023-06-27 15:28:44	0	1000258,1000261,0,0	运营,攻略-短内容,,	2023-12-28
1000262	运营标签	2	众测内容	1000258	0	0	0			2022-10-26 15:13:33	2023-06-27 15:28:44	0	1000258,1000262,0,0	运营,众测内容,,	2023-12-28
1000267	内容标签	2	亮相前	1000117	0	0	0			2022-11-23 23:23:52	2023-09-15 10:15:30	0	1000117,1000267,0,0	新车资讯,亮相前,,	2023-12-28
1000268	内容标签	2	亮相后	1000117	0	0	0			2022-11-23 23:30:41	2023-09-15 10:18:14	0	1000117,1000268,0,0	新车资讯,亮相后,,	2023-12-28
1000272	内容标签	2	车圈新闻	1000131	1	0	0			2022-11-23 23:55:38	2023-05-29 19:06:37	0	1000131,1000272,0,0	要闻热点,车圈新闻,,	2023-12-28
1000273	内容标签	2	 1	1000131	0	0	0			2022-11-24 00:12:09	2023-05-29 19:06:37	0	1000131,1000273,0,0	要闻热点, 1,,	2023-12-28
1000275	内容标签	2	车展	1000162	0	0	0			2022-11-24 11:50:15	2023-09-15 15:23:30	0	1000162,1000275,0,0	车展活动,车展,,	2023-12-28
1000278	内容标签	2	国内车展	1000162	1	0	0			2022-11-24 11:51:46	2023-09-15 15:22:38	0	1000162,1000278,0,0	车展活动,国内车展,,	2023-12-28
1000279	内容标签	2	国外车展	1000162	1	0	0			2022-11-24 11:51:55	2023-09-15 15:23:10	0	1000162,1000279,0,0	车展活动,国外车展,,	2023-12-28
1000280	内容标签	2	云车展	1000162	1	0	0			2022-11-24 11:52:11	2023-11-30 10:00:54	0	1000162,1000280,0,0	车展活动,云车展,,	2023-12-28
1000305	内容标签	2	汽车技术	1000302	1	0	0			2022-11-24 15:35:39	2023-05-29 19:09:08	0	1000302,1000305,0,0	技术与评测,汽车技术,,	2023-12-28
1000326	内容标签	2	摩托车用车分享	1000069	1	0	0			2022-11-24 17:41:34	2023-12-19 15:57:13	0	1000069,1000326,0,0	用车,摩托车用车分享,,	2023-12-28
1000330	内容标签	2	商用车类	1000069	1	0	0			2022-11-24 17:42:25	2023-05-29 19:06:37	0	1000069,1000330,0,0	用车,商用车类,,	2023-12-28
1000333	兴趣类标签	2	明星	1000478	1	0	0			2022-11-24 17:47:11	2023-01-10 10:19:35	0	1000478,1000333,0,0	人群大类,明星,,	2023-12-28
1000334	兴趣类标签	2	搞笑	1000482	1	0	0			2022-11-24 17:47:18	2023-01-10 10:29:59	0	1000482,1000334,0,0	内容看点,搞笑,,	2023-12-28
1000335	兴趣类标签	2	碰撞	1000479	0	0	0			2022-11-24 17:47:43	2023-05-29 19:47:42	0	1000479,1000335,0,0	汽车大类,碰撞,,	2023-12-28
1000336	兴趣类标签	2	拆解	1000479	1	0	0			2022-11-24 17:47:54	2023-01-10 10:21:09	0	1000479,1000336,0,0	汽车大类,拆解,,	2023-12-28
1000337	兴趣类标签	2	事故	1000482	0	0	0			2022-11-24 18:05:56	2023-05-29 19:49:08	0	1000482,1000337,0,0	内容看点,事故,,	2023-12-28
1000338	兴趣类标签	2	教学	1000479	0	0	0			2022-11-24 18:06:04	2023-05-29 20:56:29	0	1000479,1000338,0,0	汽车大类,教学,,	2023-12-28
1000339	兴趣类标签	2	航拍	1000482	1	0	0			2022-11-24 18:06:46	2023-01-10 10:30:13	0	1000482,1000339,0,0	内容看点,航拍,,	2023-12-28
1000340	兴趣类标签	2	自动驾驶	1000479	0	0	0			2022-11-24 18:06:53	2023-05-29 19:47:50	0	1000479,1000340,0,0	汽车大类,自动驾驶,,	2023-12-28
1000341	兴趣类标签	2	影视	1000477	1	0	0			2022-11-24 18:07:02	2023-01-10 10:16:09	0	1000477,1000341,0,0	通用大类,影视,,	2023-12-28
1000343	兴趣类标签	2	二次元	1000477	1	0	0			2022-11-24 18:07:29	2023-01-10 10:16:38	0	1000477,1000343,0,0	通用大类,二次元,,	2023-12-28
1000346	兴趣类标签	2	尝鲜	1000482	0	0	0			2022-11-24 18:09:45	2023-05-29 19:49:20	0	1000482,1000346,0,0	内容看点,尝鲜,,	2023-12-28
1000347	兴趣类标签	2	情怀	1000482	0	0	0			2022-11-24 18:09:52	2023-09-15 15:49:36	0	1000482,1000347,0,0	内容看点,情怀,,	2023-12-28
1000348	兴趣类标签	2	壁纸	1000482	0	0	0			2022-11-24 18:09:59	2023-09-15 15:49:40	0	1000482,1000348,0,0	内容看点,壁纸,,	2023-12-28
1000349	兴趣类标签	2	内幕	1000482	1	0	0			2022-11-24 18:10:11	2023-01-10 10:30:50	0	1000482,1000349,0,0	内容看点,内幕,,	2023-12-28
1000350	兴趣类标签	2	音乐	1000477	1	0	0			2022-11-24 18:10:21	2023-01-10 10:17:17	0	1000477,1000350,0,0	通用大类,音乐,,	2023-12-28
1000351	兴趣类标签	2	榜单	1000477	1	0	0			2022-11-24 18:10:30	2023-09-15 15:43:31	0	1000477,1000351,0,0	通用大类,榜单,,	2023-12-28
1000352	兴趣类标签	2	稀有	1000482	0	0	0			2022-11-24 18:10:41	2023-05-29 19:50:39	0	1000482,1000352,0,0	内容看点,稀有,,	2023-12-28
1000353	兴趣类标签	2	科普	1000482	0	0	0			2022-11-24 18:10:50	2023-05-29 19:50:53	0	1000482,1000353,0,0	内容看点,科普,,	2023-12-28
1000354	兴趣类标签	2	历史	1000477	0	0	0			2022-11-24 18:10:57	2023-05-29 19:46:02	0	1000477,1000354,0,0	通用大类,历史,,	2023-12-28
1000356	兴趣类标签	2	艺术	1000477	0	0	0			2022-11-24 18:11:17	2023-05-29 19:46:40	0	1000477,1000356,0,0	通用大类,艺术,,	2023-12-28
1000357	兴趣类标签	2	辟谣	1000482	1	0	0			2022-11-24 18:12:08	2023-01-10 10:31:37	0	1000482,1000357,0,0	内容看点,辟谣,,	2023-12-28
1000358	兴趣类标签	2	时尚	1000477	0	0	0			2022-11-24 18:12:17	2023-05-29 19:46:45	0	1000477,1000358,0,0	通用大类,时尚,,	2023-12-28
1000359	兴趣类标签	2	育儿	1000477	0	0	0			2022-11-24 18:12:23	2023-05-29 19:46:52	0	1000477,1000359,0,0	通用大类,育儿,,	2023-12-28
1000360	兴趣类标签	2	新时代	1000477	0	0	0			2022-11-24 18:12:30	2023-05-29 19:46:54	0	1000477,1000360,0,0	通用大类,新时代,,	2023-12-28
1000361	兴趣类标签	2	家庭	1000477	0	0	0			2022-11-24 18:12:37	2023-05-29 19:47:05	0	1000477,1000361,0,0	通用大类,家庭,,	2023-12-28
1000362	兴趣类标签	2	负向吐槽	1000479	0	0	0			2022-11-24 18:16:33	2023-05-29 19:47:59	0	1000479,1000362,0,0	汽车大类,负向吐槽,,	2023-12-28
1000363	兴趣类标签	2	救援	1000479	0	0	0			2022-11-24 18:16:40	2023-09-15 15:48:56	0	1000479,1000363,0,0	汽车大类,救援,,	2023-12-28
1000364	兴趣类标签	2	赛道	1000479	0	0	0			2022-11-24 18:17:34	2023-05-29 19:48:04	0	1000479,1000364,0,0	汽车大类,赛道,,	2023-12-28
1000365	兴趣类标签	2	冰雪	1000484	0	0	0			2022-11-24 18:20:05	2023-05-29 19:51:43	0	1000484,1000365,0,0	场景大类,冰雪,,	2023-12-28
1000366	兴趣类标签	2	沙漠	1000484	0	0	0			2022-11-24 18:20:13	2023-05-29 19:51:51	0	1000484,1000366,0,0	场景大类,沙漠,,	2023-12-28
1000367	兴趣类标签	2	山路	1000484	0	0	0			2022-11-24 18:20:22	2023-09-15 15:57:00	0	1000484,1000367,0,0	场景大类,山路,,	2023-12-28
1000368	兴趣类标签	2	高原	1000484	0	0	0			2022-11-24 18:20:29	2023-05-29 19:52:02	0	1000484,1000368,0,0	场景大类,高原,,	2023-12-28
1000369	兴趣类标签	2	草原	1000484	0	0	0			2022-11-24 18:20:43	2023-05-29 19:52:04	0	1000484,1000369,0,0	场景大类,草原,,	2023-12-28
1000370	兴趣类标签	2	夜间	1000484	0	0	0			2022-11-24 18:24:39	2023-09-15 15:57:06	0	1000484,1000370,0,0	场景大类,夜间,,	2023-12-28
1000371	兴趣类标签	2	车评人	1000478	1	0	0			2022-11-24 18:24:46	2023-09-15 15:46:24	0	1000478,1000371,0,0	人群大类,车评人,,	2023-12-28
1000372	兴趣类标签	2	玩家	1000478	0	0	0			2022-11-24 18:24:53	2023-09-15 15:45:56	0	1000478,1000372,0,0	人群大类,玩家,,	2023-12-28
1000373	兴趣类标签	2	汽车科技技术	1000479	0	0	0			2022-11-24 18:26:11	2023-05-29 19:48:17	0	1000479,1000373,0,0	汽车大类,汽车科技技术,,	2023-12-28
1000375	兴趣类标签	2	滑雪	1000166	0	0	0			2022-11-24 18:26:28	2023-05-29 19:44:24	0	1000166,1000375,0,0	运动大类,滑雪,,	2023-12-28
1000377	兴趣类标签	2	奢侈品	1000482	1	0	0			2022-11-24 18:29:19	2023-01-10 10:32:07	0	1000482,1000377,0,0	内容看点,奢侈品,,	2023-12-28
1000379	兴趣类标签	2	帆船	1000166	0	0	0			2022-11-24 18:33:43	2023-05-29 19:44:31	0	1000166,1000379,0,0	运动大类,帆船,,	2023-12-28
1000380	兴趣类标签	2	美妆	1000477	0	0	0			2022-11-24 18:33:50	2023-05-29 19:47:09	0	1000477,1000380,0,0	通用大类,美妆,,	2023-12-28
1000381	兴趣类标签	2	潮品	1000482	0	0	0			2022-11-24 18:36:02	2023-05-29 19:51:20	0	1000482,1000381,0,0	内容看点,潮品,,	2023-12-28
1000382	兴趣类标签	2	穿搭	1000477	0	0	0			2022-11-24 18:36:11	2023-05-29 19:47:16	0	1000477,1000382,0,0	通用大类,穿搭,,	2023-12-28
1000383	兴趣类标签	2	摄影	1000477	0	0	0			2022-11-24 18:36:19	2023-05-29 19:47:18	0	1000477,1000383,0,0	通用大类,摄影,,	2023-12-28
1000384	兴趣类标签	2	装备	1000479	0	0	0			2022-11-24 18:36:26	2023-09-15 15:49:06	0	1000479,1000384,0,0	汽车大类,装备,,	2023-12-28
1000385	兴趣类标签	2	JDM	1000479	1	0	0			2022-11-24 18:36:43	2023-01-10 10:28:45	0	1000479,1000385,0,0	汽车大类,JDM,,	2023-12-28
1000386	兴趣类标签	2	钓鱼	1000166	0	0	0			2022-11-24 18:36:50	2023-05-29 19:44:36	0	1000166,1000386,0,0	运动大类,钓鱼,,	2023-12-28
1000387	兴趣类标签	2	网红	1000478	1	0	0			2022-11-24 18:36:58	2023-01-10 10:20:04	0	1000478,1000387,0,0	人群大类,网红,,	2023-12-28
1000388	兴趣类标签	2	货运	1000479	0	0	0			2022-11-24 18:37:07	2023-05-29 19:48:41	0	1000479,1000388,0,0	汽车大类,货运,,	2023-12-28
1000389	兴趣类标签	2	社会看点	1000482	0	0	0			2022-11-24 18:37:16	2023-09-15 15:50:03	0	1000482,1000389,0,0	内容看点,社会看点,,	2023-12-28
1000390	兴趣类标签	2	西海岸	1000482	0	0	0			2022-11-24 18:37:26	2023-09-15 15:49:56	0	1000482,1000390,0,0	内容看点,西海岸,,	2023-12-28
1000391	兴趣类标签	2	炫富	1000482	0	0	0			2022-11-24 18:37:35	2023-05-29 19:51:32	0	1000482,1000391,0,0	内容看点,炫富,,	2023-12-28
1000392	兴趣类标签	2	夜店	1000484	0	0	0			2022-11-24 18:37:46	2023-05-29 19:52:09	0	1000484,1000392,0,0	场景大类,夜店,,	2023-12-28
1000393	兴趣类标签	2	车辆外观	1000166	0	0	0			2022-11-24 18:38:34	2023-01-10 10:50:40	0	1000166,1000393,0,0	运动大类,车辆外观,,	2023-12-28
1000394	兴趣类标签	2	车辆内饰	1000166	0	0	0			2022-11-24 18:38:41	2023-01-10 10:50:41	0	1000166,1000394,0,0	运动大类,车辆内饰,,	2023-12-28
1000395	兴趣类标签	2	内容方向	1000485	0	0	0			2022-11-24 18:38:53	2023-06-15 16:30:51	0	1000485,1000395,0,0	运营标签,内容方向,,	2023-12-28
1000396	产品属性标签	2	柴油	1000203	1	0	0			2022-11-24 19:24:49	2022-12-22 16:29:58	0	1000203,1000396,0,0	能源类型偏好,柴油,,	2023-12-28
1000397	产品属性标签	2	轻混系统	1000203	1	0	0			2022-11-24 19:26:26	2022-12-22 16:30:01	0	1000203,1000397,0,0	能源类型偏好,轻混系统,,	2023-12-28
1000398	产品属性标签	2	微型车	1000215	0	0	0			2022-11-24 19:29:08	2023-01-05 15:49:57	0	1000215,1000398,0,0	级别偏好,微型车,,	2023-12-28
1000399	产品属性标签	2	小型车	1000215	0	0	0			2022-11-24 19:29:15	2023-01-05 15:49:57	0	1000215,1000399,0,0	级别偏好,小型车,,	2023-12-28
1000400	产品属性标签	2	紧凑型车	1000215	0	0	0			2022-11-24 19:31:34	2023-01-05 15:49:57	0	1000215,1000400,0,0	级别偏好,紧凑型车,,	2023-12-28
1000401	产品属性标签	2	中型车	1000215	0	0	0			2022-11-24 19:31:50	2023-01-05 15:49:57	0	1000215,1000401,0,0	级别偏好,中型车,,	2023-12-28
1000402	产品属性标签	2	中大型车	1000215	0	0	0			2022-11-24 19:32:00	2023-01-05 15:49:57	0	1000215,1000402,0,0	级别偏好,中大型车,,	2023-12-28
1000403	产品属性标签	2	大型车	1000215	0	0	0			2022-11-24 19:32:10	2023-01-05 15:49:57	0	1000215,1000403,0,0	级别偏好,大型车,,	2023-12-28
1000414	产品属性标签	2	硬顶	1000215	0	0	0			2022-11-24 19:35:58	2023-01-05 15:49:57	0	1000215,1000414,0,0	级别偏好,硬顶,,	2023-12-28
1000415	产品属性标签	2	微面	1000215	0	0	0			2022-11-24 19:36:15	2023-01-05 15:49:57	0	1000215,1000415,0,0	级别偏好,微面,,	2023-12-28
1000416	产品属性标签	2	轻客	1000215	0	0	0			2022-11-24 19:36:23	2023-01-05 15:49:57	0	1000215,1000416,0,0	级别偏好,轻客,,	2023-12-28
1000452	产品属性标签	2	货车	1000451	1	0	0			2022-11-24 20:57:36	2022-12-22 16:35:27	0	1000451,1000452,0,0	车型特点,货车,,	2023-12-28
1000453	产品属性标签	2	纯家用	1000451	1	0	0			2022-11-24 20:58:00	2022-12-22 16:35:30	0	1000451,1000453,0,0	车型特点,纯家用,,	2023-12-28
1000456	运营标签	2	内容过短	1000455	0	0	0			2022-11-24 21:01:58	2022-12-22 16:36:02	0	1000455,1000456,0,0	负向标签,内容过短,,	2023-12-28
1000457	运营标签	2	有水印	1000455	0	0	0			2022-11-24 21:02:05	2022-12-22 16:36:02	0	1000455,1000457,0,0	负向标签,有水印,,	2023-12-28
1000458	运营标签	2	文不对题	1000455	0	0	0			2022-11-24 21:02:16	2022-12-22 16:36:02	0	1000455,1000458,0,0	负向标签,文不对题,,	2023-12-28
1000459	运营标签	2	标题党封面党	1000455	0	0	0			2022-11-24 21:02:24	2022-12-22 16:36:02	0	1000455,1000459,0,0	负向标签,标题党封面党,,	2023-12-28
1000460	运营标签	2	低质量图片/视频	1000455	0	0	0			2022-11-24 21:02:33	2022-12-22 16:36:02	0	1000455,1000460,0,0	负向标签,低质量图片/视频,,	2023-12-28
1000461	运营标签	2	虚假信息	1000455	0	0	0			2022-11-24 21:02:39	2022-12-22 16:36:02	0	1000455,1000461,0,0	负向标签,虚假信息,,	2023-12-28
1000462	运营标签	2	活动稿	1000455	0	0	0			2022-11-24 21:02:46	2022-12-22 16:36:02	0	1000455,1000462,0,0	负向标签,活动稿,,	2023-12-28
1000463	运营标签	2	旧闻	1000455	0	0	0			2022-11-24 21:02:56	2022-12-22 16:36:02	0	1000455,1000463,0,0	负向标签,旧闻,,	2023-12-28
1000464	运营标签	2	有联系方式	1000455	0	0	0			2022-11-24 21:03:03	2022-12-22 16:36:02	0	1000455,1000464,0,0	负向标签,有联系方式,,	2023-12-28
1000465	运营标签	2	标题不通/错别字	1000455	0	0	0			2022-11-24 21:03:12	2022-12-22 16:36:02	0	1000455,1000465,0,0	负向标签,标题不通/错别字,,	2023-12-28
1000466	运营标签	2	软文	1000455	0	0	0			2022-11-24 21:03:19	2022-12-22 16:36:02	0	1000455,1000466,0,0	负向标签,软文,,	2023-12-28
1000474	内容标签	2	其他	1000515	1	0	0			2022-12-05 17:13:55	2023-05-29 19:06:37	0	1000515,1000474,0,0	一级运营标签,其他,,	2023-12-28
1000476	兴趣类标签	2	路怒症	1000479	1	0	0			2022-12-29 15:11:09	2023-01-10 10:26:20	0	1000479,1000476,0,0	汽车大类,路怒症,,	2023-12-28
1000480	兴趣类标签	2	自驾露营	1000479	0	0	0			2023-01-10 10:28:03	2023-05-29 19:53:06	0	1000479,1000480,0,0	汽车大类,自驾露营,,	2023-12-28
1000481	兴趣类标签	2	转卖信息	1000479	0	0	0			2023-01-10 10:29:27	2023-09-15 15:49:15	0	1000479,1000481,0,0	汽车大类,转卖信息,,	2023-12-28
1000483	兴趣类标签	2	女性视角	1000482	1	0	0			2023-01-10 10:31:57	2023-01-10 10:31:57	0	1000482,1000483,0,0	内容看点,女性视角,,	2023-12-28
1000513	兴趣类标签	2	豪车超跑	1000479	1	0	0			2023-01-10 18:47:28	2023-01-10 18:47:28	0	1000479,1000513,0,0	汽车大类,豪车超跑,,	2023-12-28
1000514	兴趣类标签	2	差异配置AI	1000482	0	0	0			2023-01-11 10:29:07	2023-05-29 20:41:24	0	1000482,1000514,0,0	内容看点,差异配置AI,,	2023-12-28
1000516	内容标签	2	新车报价	1000117	1	0	0			2023-05-29 19:29:28	2023-12-06 10:24:33	0	1000117,1000516,0,0	新车资讯,新车报价,,	2023-12-28
1000531	兴趣类标签	2	自驾	1000479	1	0	0			2023-05-29 20:55:34	2023-05-29 20:55:34	0	1000479,1000531,0,0	汽车大类,自驾,,	2023-12-28
1000533	内容标签	2	4S店	1000515	1	0	0			2023-05-30 18:50:00	2023-06-14 15:34:39	0	1000515,1000533,0,0	一级运营标签,4S店,,	2023-12-28
1000534	兴趣类标签	2	绘画	1000482	1	0	0			2023-05-30 19:11:10	2023-05-30 19:11:10	0	1000482,1000534,0,0	内容看点,绘画,,	2023-12-28
1000539	内容标签	2	新车官图	1000117	1	0	0			2023-09-15 10:16:54	2023-09-15 10:16:54	0	1000117,1000539,0,0	新车资讯,新车官图,,	2023-12-28
1000540	内容标签	2	新车到店	1000117	1	0	0			2023-09-15 10:17:20	2023-09-15 10:17:20	0	1000117,1000540,0,0	新车资讯,新车到店,,	2023-12-28
1000541	内容标签	2	新车解析	1000117	1	0	0			2023-09-15 10:17:33	2023-09-15 10:17:33	0	1000117,1000541,0,0	新车资讯,新车解析,,	2023-12-28
1000552	内容标签	2	驾驶记录	1000156	1	0	0			2023-09-15 15:16:17	2023-09-15 15:16:17	0	1000156,1000552,0,0	汽车周边,驾驶记录,,	2023-12-28
1000553	内容标签	2	美图分享	1000156	1	0	0			2023-09-15 15:16:35	2023-09-15 15:16:35	0	1000156,1000553,0,0	汽车周边,美图分享,,	2023-12-28
1000557	内容标签	2	海外车事	1000156	1	0	0			2023-09-15 15:20:29	2023-09-15 15:20:29	0	1000156,1000557,0,0	汽车周边,海外车事,,	2023-12-28
1000561	兴趣类标签	2	热门事件	1000477	1	0	0			2023-09-15 15:44:45	2023-09-15 15:44:45	0	1000477,1000561,0,0	通用大类,热门事件,,	2023-12-28
